,ticker,commodity,year,date,open,high,low,close,volume
0,CL=F,Crude Oil,2011,03-01-2011,91.30999756,92.58000183,91.20999908,91.55000305,225189
1,CL=F,Crude Oil,2011,04-01-2011,91.5,92.06999969,88.36000061,89.37999725,415521
2,CL=F,Crude Oil,2011,05-01-2011,89.29000092,90.83999634,88.09999847,90.30000305,416908
3,CL=F,Crude Oil,2011,06-01-2011,90.47000122,90.70999908,87.84999847,88.37999725,440456
4,CL=F,Crude Oil,2011,07-01-2011,88.18000031,89.48000336,87.25,88.02999878,444813
5,CL=F,Crude Oil,2011,10-01-2011,89.0,89.98000336,88.12999725,89.25,430277
6,CL=F,Crude Oil,2011,11-01-2011,89.30999756,91.38999939,88.93000031,91.11000061,429761
7,CL=F,Crude Oil,2011,12-01-2011,91.18000031,92.38999939,90.79000092,91.86000061,382686
8,CL=F,Crude Oil,2011,13-01-2011,92.0,92.37000275,90.75,91.40000153,358898
9,CL=F,Crude Oil,2011,14-01-2011,90.98999786,91.69000244,90.09999847,91.54000092,313331
10,CL=F,Crude Oil,2011,18-01-2011,91.51000214,91.90000153,90.55000305,91.37999725,211930
11,CL=F,Crude Oil,2011,19-01-2011,91.33999634,92.09999847,90.47000122,90.86000061,109525
12,CL=F,Crude Oil,2011,20-01-2011,90.69999695,90.86000061,88.0,88.86000061,442041
13,CL=F,Crude Oil,2011,21-01-2011,89.44999695,90.22000122,88.87000275,89.11000061,287810
14,CL=F,Crude Oil,2011,24-01-2011,89.26000214,89.62999725,87.26999664,87.87000275,356085
15,CL=F,Crude Oil,2011,25-01-2011,87.69999695,87.84999847,86.12000275,86.19000244,338646
16,CL=F,Crude Oil,2011,26-01-2011,86.23000336,87.77999878,86.02999878,87.33000183,347753
17,CL=F,Crude Oil,2011,27-01-2011,87.55000305,87.66000366,85.41999817,85.63999939,369379
18,CL=F,Crude Oil,2011,28-01-2011,85.27999878,89.73000336,85.11000061,89.33999634,584789
19,CL=F,Crude Oil,2011,31-01-2011,89.97000122,92.83999634,88.40000153,92.19000244,436801
20,CL=F,Crude Oil,2011,01-02-2011,92.19999695,92.44999695,90.44000244,90.76999664,392882
21,CL=F,Crude Oil,2011,02-02-2011,90.51000214,91.77999878,90.09999847,90.86000061,312107
22,CL=F,Crude Oil,2011,03-02-2011,90.93000031,92.05000305,90.0,90.54000092,290494
23,CL=F,Crude Oil,2011,04-02-2011,90.62999725,91.66999817,88.44999695,89.02999878,359925
24,CL=F,Crude Oil,2011,07-02-2011,89.05999756,89.54000092,87.18000031,87.48000336,324984
25,CL=F,Crude Oil,2011,08-02-2011,87.41000366,88.11000061,85.87999725,86.94000244,414877
26,CL=F,Crude Oil,2011,09-02-2011,87.34999847,87.94999695,86.36000061,86.70999908,367209
27,CL=F,Crude Oil,2011,10-02-2011,86.93000031,87.90000153,85.95999908,86.73000336,419188
28,CL=F,Crude Oil,2011,11-02-2011,87.69999695,87.76999664,85.09999847,85.58000183,383391
29,CL=F,Crude Oil,2011,14-02-2011,85.5,86.51999664,84.58000183,84.80999756,319329
30,CL=F,Crude Oil,2011,15-02-2011,84.83999634,85.97000122,83.84999847,84.31999969,284165
31,CL=F,Crude Oil,2011,16-02-2011,84.44000244,85.94999695,84.12000275,84.98999786,297660
32,CL=F,Crude Oil,2011,17-02-2011,85.25,86.62999725,84.37999725,86.36000061,176128
33,CL=F,Crude Oil,2011,18-02-2011,86.40000153,87.87999725,85.65000153,86.19999695,155296
34,CL=F,Crude Oil,2011,22-02-2011,86.37999725,94.48999786,86.25,93.56999969,638193
35,CL=F,Crude Oil,2011,23-02-2011,95.68000031,100.0,95.13999939,98.09999847,489667
36,CL=F,Crude Oil,2011,24-02-2011,98.97000122,103.4100037,95.62000275,97.27999878,507456
37,CL=F,Crude Oil,2011,25-02-2011,96.62999725,99.19999695,96.16999817,97.87999725,307903
38,CL=F,Crude Oil,2011,28-02-2011,98.5,99.95999908,96.70999908,96.97000122,262001
39,CL=F,Crude Oil,2011,01-03-2011,96.97000122,100.6800003,96.37000275,99.62999725,322429
40,CL=F,Crude Oil,2011,02-03-2011,100.4800034,102.4300003,99.20999908,102.2300034,446378
41,CL=F,Crude Oil,2011,03-03-2011,102.3899994,102.9400024,100.1500015,101.9100037,382555
42,CL=F,Crude Oil,2011,04-03-2011,101.6999969,105.1699982,101.5400009,104.4199982,369148
43,CL=F,Crude Oil,2011,07-03-2011,104.6500015,106.9499969,104.25,105.4400024,404435
44,CL=F,Crude Oil,2011,08-03-2011,104.8499985,105.7900009,103.3300018,105.0199966,420036
45,CL=F,Crude Oil,2011,09-03-2011,104.9599991,105.9199982,103.9000015,104.3799973,353948
46,CL=F,Crude Oil,2011,10-03-2011,104.4499969,105.0599976,100.6200027,102.6999969,432988
47,CL=F,Crude Oil,2011,11-03-2011,102.6399994,103.0,99.01000214,101.1600037,342531
48,CL=F,Crude Oil,2011,14-03-2011,100.3099976,101.5999985,98.47000122,101.1900024,289434
49,CL=F,Crude Oil,2011,15-03-2011,101.8600006,101.8700027,96.70999908,97.18000031,388736
50,CL=F,Crude Oil,2011,16-03-2011,97.40000153,99.59999847,96.22000122,97.98000336,357944
51,CL=F,Crude Oil,2011,17-03-2011,98.09999847,101.9899979,96.59999847,101.4199982,261573
52,CL=F,Crude Oil,2011,18-03-2011,101.7799988,103.6600037,100.1399994,101.0699997,217675
53,CL=F,Crude Oil,2011,21-03-2011,102.1200027,103.3499985,101.6600037,102.3300018,103960
54,CL=F,Crude Oil,2011,22-03-2011,102.0999985,104.5400009,101.4300003,104.0,303365
55,CL=F,Crude Oil,2011,23-03-2011,104.8499985,106.3399963,104.3799973,105.75,254571
56,CL=F,Crude Oil,2011,24-03-2011,105.5199966,106.6900024,104.7600021,105.5999985,258015
57,CL=F,Crude Oil,2011,25-03-2011,105.4599991,105.9499969,104.5,105.4000015,235658
58,CL=F,Crude Oil,2011,28-03-2011,105.4300003,105.7600021,103.5999985,103.9800034,223079
59,CL=F,Crude Oil,2011,29-03-2011,103.9400024,105.0,102.6999969,104.7900009,246824
60,CL=F,Crude Oil,2011,30-03-2011,104.4499969,105.1500015,103.4400024,104.2699966,256895
61,CL=F,Crude Oil,2011,31-03-2011,104.3099976,106.8300018,104.1200027,106.7200012,270630
62,CL=F,Crude Oil,2011,01-04-2011,106.6200027,108.2300034,106.3000031,107.9400024,283710
63,CL=F,Crude Oil,2011,04-04-2011,108.2900009,108.7799988,107.5800018,108.4700012,228494
64,CL=F,Crude Oil,2011,05-04-2011,108.1999969,108.5999985,107.5,108.3399963,249358
65,CL=F,Crude Oil,2011,06-04-2011,107.9899979,109.1500015,107.7200012,108.8300018,255598
66,CL=F,Crude Oil,2011,07-04-2011,108.6699982,110.4400024,108.2300034,110.3000031,334906
67,CL=F,Crude Oil,2011,08-04-2011,110.3199997,113.1800003,110.1100006,112.7900009,319475
68,CL=F,Crude Oil,2011,11-04-2011,113.2799988,113.4599991,108.8799973,109.9199982,364348
69,CL=F,Crude Oil,2011,12-04-2011,108.9700012,110.2399979,105.4700012,106.25,555625
70,CL=F,Crude Oil,2011,13-04-2011,106.0199966,107.4300003,105.3099976,107.1100006,456863
71,CL=F,Crude Oil,2011,14-04-2011,107.3199997,108.5500031,105.7699966,108.1100006,352072
72,CL=F,Crude Oil,2011,15-04-2011,108.4499969,110.0999985,107.2099991,109.6600037,224394
73,CL=F,Crude Oil,2011,18-04-2011,109.4300003,109.4400024,106.5400009,107.1200027,138178
74,CL=F,Crude Oil,2011,19-04-2011,107.5199966,108.4499969,105.5,108.1500015,324778
75,CL=F,Crude Oil,2011,20-04-2011,108.4499969,111.6600037,107.9599991,111.4499969,291546
76,CL=F,Crude Oil,2011,21-04-2011,111.3700027,112.4800034,111.0,112.2900009,240462
77,CL=F,Crude Oil,2011,25-04-2011,112.3399963,113.4800034,111.0800018,112.2799988,209683
78,CL=F,Crude Oil,2011,26-04-2011,112.1500015,112.6399994,111.1200027,112.2099991,234441
79,CL=F,Crude Oil,2011,27-04-2011,111.8899994,113.4000015,110.7099991,112.7600021,338697
80,CL=F,Crude Oil,2011,28-04-2011,113.1299973,113.9700012,111.6900024,112.8600006,301604
81,CL=F,Crude Oil,2011,29-04-2011,112.8199997,114.1800003,112.25,113.9300003,201831
82,CL=F,Crude Oil,2011,02-05-2011,113.8899994,114.8300018,110.8199997,113.5199966,310994
83,CL=F,Crude Oil,2011,03-05-2011,112.9800034,113.2200012,110.3000031,111.0500031,300333
84,CL=F,Crude Oil,2011,04-05-2011,110.6800003,111.2200012,108.4800034,109.2399979,333018
85,CL=F,Crude Oil,2011,05-05-2011,108.7799988,109.3799973,98.25,99.80000305,670082
86,CL=F,Crude Oil,2011,06-05-2011,99.76000214,102.3799973,94.62999725,97.18000031,606528
87,CL=F,Crude Oil,2011,09-05-2011,98.11000061,103.4000015,97.41999817,102.5500031,469290
88,CL=F,Crude Oil,2011,10-05-2011,102.4400024,103.9499969,100.1200027,103.8799973,439607
89,CL=F,Crude Oil,2011,11-05-2011,103.6900024,104.5999985,97.5,98.20999908,524761
90,CL=F,Crude Oil,2011,12-05-2011,98.58999634,100.4899979,95.25,98.97000122,522503
91,CL=F,Crude Oil,2011,13-05-2011,98.80999756,100.6999969,97.08999634,99.65000153,367717
92,CL=F,Crude Oil,2011,16-05-2011,99.36000061,99.65000153,96.88999939,97.37000275,335318
93,CL=F,Crude Oil,2011,17-05-2011,96.98000336,97.80999756,95.01999664,96.91000366,399128
94,CL=F,Crude Oil,2011,18-05-2011,97.56999969,100.9899979,97.45999908,100.0999985,285299
95,CL=F,Crude Oil,2011,19-05-2011,99.76000214,100.7900009,98.16000366,98.44000244,142668
96,CL=F,Crude Oil,2011,20-05-2011,98.59999847,99.90000153,95.98999786,99.48999786,394911
97,CL=F,Crude Oil,2011,23-05-2011,99.68000031,100.0400009,96.37000275,97.69999695,296828
98,CL=F,Crude Oil,2011,24-05-2011,97.54000092,100.0899963,96.61000061,99.58999634,339530
99,CL=F,Crude Oil,2011,25-05-2011,99.26999664,101.6299973,98.19999695,101.3199997,354880
100,CL=F,Crude Oil,2011,26-05-2011,101.2399979,101.9000015,99.61000061,100.2300034,332135
101,CL=F,Crude Oil,2011,27-05-2011,100.1600037,101.2399979,100.0400009,100.5899963,212254
102,CL=F,Crude Oil,2011,31-05-2011,100.6900024,103.3899994,99.59999847,102.6999969,319037
103,CL=F,Crude Oil,2011,01-06-2011,102.6800003,103.3099976,99.86000061,100.2900009,376476
104,CL=F,Crude Oil,2011,02-06-2011,99.79000092,100.9000015,98.45999908,100.4000015,389637
105,CL=F,Crude Oil,2011,03-06-2011,100.8700027,100.8700027,98.12000275,100.2200012,351309
106,CL=F,Crude Oil,2011,06-06-2011,100.4199982,100.6800003,98.55000305,99.01000214,289670
107,CL=F,Crude Oil,2011,07-06-2011,98.81999969,99.69999695,97.73999786,99.08999634,415373
108,CL=F,Crude Oil,2011,08-06-2011,99.58000183,101.8899994,98.01999664,100.7399979,484275
109,CL=F,Crude Oil,2011,09-06-2011,100.8300018,102.4400024,100.7399979,101.9300003,345542
110,CL=F,Crude Oil,2011,10-06-2011,101.8399963,102.1500015,98.59999847,99.29000092,379238
111,CL=F,Crude Oil,2011,13-06-2011,98.76999664,99.31999969,96.12999725,97.30000305,381993
112,CL=F,Crude Oil,2011,14-06-2011,97.08999634,99.44000244,96.51000214,99.37000275,347721
113,CL=F,Crude Oil,2011,15-06-2011,99.68000031,99.94999695,94.01000214,94.80999756,508717
114,CL=F,Crude Oil,2011,16-06-2011,95.29000092,95.75,94.29000092,94.94999695,336011
115,CL=F,Crude Oil,2011,17-06-2011,95.09999847,95.40000153,91.83999634,93.01000214,245013
116,CL=F,Crude Oil,2011,20-06-2011,92.80000305,93.48999786,91.13999939,93.26000214,136837
117,CL=F,Crude Oil,2011,21-06-2011,93.48999786,94.73999786,92.5,93.40000153,323911
118,CL=F,Crude Oil,2011,22-06-2011,93.76000214,95.69999695,93.23999786,95.41000366,296275
119,CL=F,Crude Oil,2011,23-06-2011,94.40000153,94.47000122,89.69000244,91.01999664,484057
120,CL=F,Crude Oil,2011,24-06-2011,92.29000092,92.33999634,89.81999969,91.16000366,337767
121,CL=F,Crude Oil,2011,27-06-2011,91.16000366,91.30000305,89.61000061,90.61000061,278681
122,CL=F,Crude Oil,2011,28-06-2011,90.70999908,92.95999908,90.44000244,92.88999939,279024
123,CL=F,Crude Oil,2011,29-06-2011,93.37000275,95.83999634,92.66000366,94.76999664,348790
124,CL=F,Crude Oil,2011,30-06-2011,95.08000183,95.81999969,93.87999725,95.41999817,276580
125,CL=F,Crude Oil,2011,01-07-2011,95.12000275,95.38999939,93.44999695,94.94000244,263626
126,CL=F,Crude Oil,2011,05-07-2011,94.98000336,97.48000336,94.33999634,96.88999939,275650
127,CL=F,Crude Oil,2011,06-07-2011,97.0,97.79000092,95.90000153,96.65000153,288321
128,CL=F,Crude Oil,2011,07-07-2011,97.04000092,99.41999817,96.98999786,98.66999817,339270
129,CL=F,Crude Oil,2011,08-07-2011,98.79000092,99.18000031,95.59999847,96.19999695,347999
130,CL=F,Crude Oil,2011,11-07-2011,96.09999847,96.75,94.13999939,95.15000153,311449
131,CL=F,Crude Oil,2011,12-07-2011,95.08999634,97.5,93.55000305,97.43000031,343493
132,CL=F,Crude Oil,2011,13-07-2011,96.72000122,99.20999908,96.52999878,98.05000305,355098
133,CL=F,Crude Oil,2011,14-07-2011,97.58999634,98.87999725,94.52999878,95.69000244,403419
134,CL=F,Crude Oil,2011,15-07-2011,96.02999878,97.73999786,95.20999908,97.23999786,266461
135,CL=F,Crude Oil,2011,18-07-2011,97.37000275,97.69000244,94.69000244,95.93000031,203973
136,CL=F,Crude Oil,2011,19-07-2011,96.16000366,98.65000153,95.93000031,97.5,138045
137,CL=F,Crude Oil,2011,20-07-2011,98.11000061,99.01999664,96.63999939,98.13999939,295669
138,CL=F,Crude Oil,2011,21-07-2011,98.36000061,100.1600037,97.19999695,99.12999725,293973
139,CL=F,Crude Oil,2011,22-07-2011,99.19999695,100.1900024,98.43000031,99.87000275,223266
140,CL=F,Crude Oil,2011,25-07-2011,99.76000214,99.87000275,98.51999664,99.19999695,205209
141,CL=F,Crude Oil,2011,26-07-2011,99.15000153,100.6200027,97.76000214,99.58999634,332692
142,CL=F,Crude Oil,2011,27-07-2011,99.18000031,99.5,97.13999939,97.40000153,304524
143,CL=F,Crude Oil,2011,28-07-2011,97.26999664,98.01000214,96.51000214,97.44000244,236246
144,CL=F,Crude Oil,2011,29-07-2011,97.16000366,97.38999939,94.94999695,95.69999695,284385
145,CL=F,Crude Oil,2011,01-08-2011,96.19999695,98.59999847,93.41999817,94.88999939,398857
146,CL=F,Crude Oil,2011,02-08-2011,95.01999664,95.68000031,93.08000183,93.79000092,328175
147,CL=F,Crude Oil,2011,03-08-2011,93.15000153,93.75,91.22000122,91.93000031,350221
148,CL=F,Crude Oil,2011,04-08-2011,91.94000244,92.58999634,86.04000092,86.62999725,535941
149,CL=F,Crude Oil,2011,05-08-2011,86.5,88.31999969,82.87000275,86.87999725,512488
150,CL=F,Crude Oil,2011,08-08-2011,85.70999908,85.73000336,80.16999817,81.30999756,521066
151,CL=F,Crude Oil,2011,09-08-2011,81.09999847,83.05000305,75.70999908,79.30000305,605796
152,CL=F,Crude Oil,2011,10-08-2011,81.90000153,83.13999939,79.52999878,82.88999939,520144
153,CL=F,Crude Oil,2011,11-08-2011,81.94999695,85.97000122,81.02999878,85.72000122,502092
154,CL=F,Crude Oil,2011,12-08-2011,85.55000305,87.37000275,84.01999664,85.37999725,350091
155,CL=F,Crude Oil,2011,15-08-2011,85.58999634,88.05000305,84.40000153,87.87999725,292796
156,CL=F,Crude Oil,2011,16-08-2011,87.68000031,87.93000031,85.62000275,86.65000153,375339
157,CL=F,Crude Oil,2011,17-08-2011,87.09999847,89.0,86.65000153,87.58000183,344487
158,CL=F,Crude Oil,2011,18-08-2011,87.41000366,87.52999878,81.15000153,82.37999725,331275
159,CL=F,Crude Oil,2011,19-08-2011,81.30000305,83.55000305,79.16999817,82.26000214,148811
160,CL=F,Crude Oil,2011,22-08-2011,82.41999817,84.66999817,81.12999725,84.12000275,374045
161,CL=F,Crude Oil,2011,23-08-2011,84.44999695,86.38999939,83.40000153,85.44000244,353947
162,CL=F,Crude Oil,2011,24-08-2011,85.66999817,86.58999634,84.55000305,85.16000366,294928
163,CL=F,Crude Oil,2011,25-08-2011,85.16999817,86.55999756,83.01000214,85.30000305,357816
164,CL=F,Crude Oil,2011,26-08-2011,85.08999634,85.63999939,82.94999695,85.37000275,283261
165,CL=F,Crude Oil,2011,29-08-2011,85.33000183,87.62000275,85.11000061,87.26999664,208605
166,CL=F,Crude Oil,2011,30-08-2011,87.51000214,89.20999908,86.45999908,88.90000153,315383
167,CL=F,Crude Oil,2011,31-08-2011,88.79000092,89.54000092,87.66999817,88.80999756,317696
168,CL=F,Crude Oil,2011,01-09-2011,88.73000336,89.90000153,88.20999908,88.93000031,282342
169,CL=F,Crude Oil,2011,02-09-2011,88.77999878,88.98999786,85.41999817,86.44999695,307284
170,CL=F,Crude Oil,2011,06-09-2011,86.45999908,86.59999847,83.19999695,86.01999664,316166
171,CL=F,Crude Oil,2011,07-09-2011,86.5,90.48000336,86.15000153,89.33999634,313728
172,CL=F,Crude Oil,2011,08-09-2011,90.11000061,90.23000336,88.58999634,89.05000305,336725
173,CL=F,Crude Oil,2011,09-09-2011,88.76999664,89.5,85.63999939,87.23999786,349238
174,CL=F,Crude Oil,2011,12-09-2011,86.69999695,88.94999695,85.0,88.19000244,355070
175,CL=F,Crude Oil,2011,13-09-2011,88.94999695,90.51999664,87.80999756,90.20999908,364262
176,CL=F,Crude Oil,2011,14-09-2011,89.87999725,90.25,88.20999908,88.91000366,330978
177,CL=F,Crude Oil,2011,15-09-2011,88.59999847,90.15000153,88.01000214,89.40000153,296285
178,CL=F,Crude Oil,2011,16-09-2011,89.11000061,89.77999878,87.0,87.95999908,210962
179,CL=F,Crude Oil,2011,19-09-2011,87.75,87.75,84.79000092,85.69999695,132221
180,CL=F,Crude Oil,2011,20-09-2011,85.83999634,87.45999908,85.11000061,86.88999939,264593
181,CL=F,Crude Oil,2011,21-09-2011,86.51000214,87.98999786,84.91999817,85.91999817,298905
182,CL=F,Crude Oil,2011,22-09-2011,84.80999756,85.0,79.66000366,80.51000214,459998
183,CL=F,Crude Oil,2011,23-09-2011,80.40000153,81.80999756,77.55000305,79.84999847,427569
184,CL=F,Crude Oil,2011,26-09-2011,79.63999939,81.36000061,77.11000061,80.23999786,325671
185,CL=F,Crude Oil,2011,27-09-2011,81.48000336,84.76999664,80.91999817,84.44999695,313568
186,CL=F,Crude Oil,2011,28-09-2011,83.76000214,84.62000275,80.54000092,81.20999908,282850
187,CL=F,Crude Oil,2011,29-09-2011,80.66999817,83.98000336,79.63999939,82.13999939,351345
188,CL=F,Crude Oil,2011,30-09-2011,83.06999969,83.23000336,78.59999847,79.19999695,367957
189,CL=F,Crude Oil,2011,03-10-2011,78.91999817,79.63999939,76.65000153,77.61000061,392782
190,CL=F,Crude Oil,2011,04-10-2011,76.40000153,77.98999786,74.94999695,75.66999817,428113
191,CL=F,Crude Oil,2011,05-10-2011,78.25,79.81999969,76.94000244,79.68000031,336067
192,CL=F,Crude Oil,2011,06-10-2011,79.70999908,82.90000153,79.08000183,82.58999634,386089
193,CL=F,Crude Oil,2011,07-10-2011,82.56999969,84.0,81.36000061,82.98000336,377540
194,CL=F,Crude Oil,2011,10-10-2011,82.75,86.08999634,82.75,85.41000366,264825
195,CL=F,Crude Oil,2011,11-10-2011,85.69999695,86.63999939,83.97000122,85.80999756,362324
196,CL=F,Crude Oil,2011,12-10-2011,85.19999695,86.58999634,84.51999664,85.56999969,294230
197,CL=F,Crude Oil,2011,13-10-2011,84.93000031,85.38999939,83.16999817,84.23000336,360268
198,CL=F,Crude Oil,2011,14-10-2011,84.47000122,87.40000153,83.76999664,86.80000305,274846
199,CL=F,Crude Oil,2011,17-10-2011,87.48000336,88.18000031,85.87999725,86.37999725,227298
200,CL=F,Crude Oil,2011,18-10-2011,86.19999695,89.02999878,85.55000305,88.33999634,203765
201,CL=F,Crude Oil,2011,19-10-2011,88.26000214,89.51000214,85.87000275,86.11000061,112020
202,CL=F,Crude Oil,2011,20-10-2011,86.09999847,86.94000244,84.09999847,85.30000305,389241
203,CL=F,Crude Oil,2011,21-10-2011,86.5,88.88999939,85.94999695,87.40000153,296555
204,CL=F,Crude Oil,2011,24-10-2011,87.05000305,91.87999725,87.0,91.26999664,484139
205,CL=F,Crude Oil,2011,25-10-2011,91.69000244,94.65000153,91.09999847,93.16999817,489373
206,CL=F,Crude Oil,2011,26-10-2011,92.58999634,93.91999817,90.0,90.19999695,411445
207,CL=F,Crude Oil,2011,27-10-2011,90.98000336,94.25,90.73999786,93.95999908,327446
208,CL=F,Crude Oil,2011,28-10-2011,93.93000031,93.93000031,92.01000214,93.31999969,276760
209,CL=F,Crude Oil,2011,31-10-2011,93.52999878,93.80000305,91.36000061,93.19000244,228561
210,CL=F,Crude Oil,2011,01-11-2011,92.58000183,92.87999725,89.16999817,92.19000244,351343
211,CL=F,Crude Oil,2011,02-11-2011,91.59999847,93.79000092,90.97000122,92.51000214,265626
212,CL=F,Crude Oil,2011,03-11-2011,92.98999786,94.61000061,90.87000275,94.06999969,299987
213,CL=F,Crude Oil,2011,04-11-2011,94.23999786,94.93000031,92.87000275,94.26000214,295457
214,CL=F,Crude Oil,2011,07-11-2011,94.26000214,96.11000061,93.23000336,95.51999664,321186
215,CL=F,Crude Oil,2011,08-11-2011,95.87000275,97.08000183,95.23000336,96.80000305,313566
216,CL=F,Crude Oil,2011,09-11-2011,96.80999756,97.83999634,94.54000092,95.73999786,445712
217,CL=F,Crude Oil,2011,10-11-2011,95.75,98.34999847,95.19999695,97.77999878,347730
218,CL=F,Crude Oil,2011,11-11-2011,97.51000214,99.19999695,97.34999847,98.98999786,282786
219,CL=F,Crude Oil,2011,14-11-2011,99.30000305,99.69000244,97.19000244,98.13999939,351523
220,CL=F,Crude Oil,2011,15-11-2011,98.04000092,99.83999634,97.51000214,99.37000275,353319
221,CL=F,Crude Oil,2011,16-11-2011,99.31999969,102.8899994,98.38999939,102.5899963,379612
222,CL=F,Crude Oil,2011,17-11-2011,101.7600021,103.3700027,98.27999878,98.81999969,194039
223,CL=F,Crude Oil,2011,18-11-2011,98.61000061,100.1500015,96.63999939,97.41000366,341638
224,CL=F,Crude Oil,2011,21-11-2011,97.54000092,97.86000061,95.23999786,96.91999817,279104
225,CL=F,Crude Oil,2011,22-11-2011,97.19999695,98.69999695,96.55000305,98.01000214,319245
226,CL=F,Crude Oil,2011,23-11-2011,97.79000092,97.87000275,95.34999847,96.16999817,283449
227,CL=F,Crude Oil,2011,25-11-2011,95.79000092,97.55000305,94.98999786,96.76999664,185841
228,CL=F,Crude Oil,2011,28-11-2011,97.5,100.7399979,97.12999725,98.20999908,311735
229,CL=F,Crude Oil,2011,29-11-2011,97.75,100.1500015,97.23000336,99.79000092,320858
230,CL=F,Crude Oil,2011,30-11-2011,99.48000336,101.75,98.91999817,100.3600006,302863
231,CL=F,Crude Oil,2011,01-12-2011,100.5100021,101.1699982,98.87000275,100.1999969,275858
232,CL=F,Crude Oil,2011,02-12-2011,100.0,101.5599976,99.76000214,100.9599991,245915
233,CL=F,Crude Oil,2011,05-12-2011,101.2300034,102.4400024,100.2399979,100.9899979,239380
234,CL=F,Crude Oil,2011,06-12-2011,100.4499969,101.4199982,100.1999969,101.2799988,217029
235,CL=F,Crude Oil,2011,07-12-2011,101.1100006,101.9400024,99.66999817,100.4899979,330533
236,CL=F,Crude Oil,2011,08-12-2011,100.8399963,101.7300034,97.70999908,98.33999634,340677
237,CL=F,Crude Oil,2011,09-12-2011,98.08000183,99.91000366,97.36000061,99.41000366,318767
238,CL=F,Crude Oil,2011,12-12-2011,99.58000183,99.68000031,97.54000092,97.76999664,279146
239,CL=F,Crude Oil,2011,13-12-2011,97.84999847,101.25,97.63999939,100.1399994,380754
240,CL=F,Crude Oil,2011,14-12-2011,100.3300018,100.3300018,94.20999908,94.94999695,377475
241,CL=F,Crude Oil,2011,15-12-2011,94.88999939,95.98999786,93.30999756,93.87000275,273761
242,CL=F,Crude Oil,2011,16-12-2011,93.41999817,94.79000092,92.51999664,93.52999878,205893
243,CL=F,Crude Oil,2011,19-12-2011,93.76000214,94.41999817,92.54000092,93.87999725,114563
244,CL=F,Crude Oil,2011,20-12-2011,94.13999939,97.44999695,94.13999939,97.22000122,242305
245,CL=F,Crude Oil,2011,21-12-2011,97.52999878,99.25,96.80000305,98.66999817,219505
246,CL=F,Crude Oil,2011,22-12-2011,99.02999878,100.0500031,98.51000214,99.52999878,151560
247,CL=F,Crude Oil,2011,23-12-2011,99.48000336,100.2300034,99.23999786,99.68000031,95270
248,CL=F,Crude Oil,2011,27-12-2011,99.91999817,101.7699966,99.37000275,101.3399963,124238
249,CL=F,Crude Oil,2011,28-12-2011,101.25,101.7099991,99.11000061,99.36000061,164655
250,CL=F,Crude Oil,2011,29-12-2011,99.58999634,99.91999817,98.30000305,99.65000153,153915
251,CL=F,Crude Oil,2011,30-12-2011,99.77999878,100.1600037,98.61000061,98.83000183,154064
252,CL=F,Crude Oil,2012,03-01-2012,99.69999695,103.1800003,99.65000153,102.9599991,275481
253,CL=F,Crude Oil,2012,04-01-2012,102.9899979,103.7399979,101.8799973,103.2200012,271711
254,CL=F,Crude Oil,2012,05-01-2012,103.2900009,103.7300034,101.3000031,101.8099976,295615
255,CL=F,Crude Oil,2012,06-01-2012,101.3499985,102.8000031,100.8799973,101.5599976,290458
256,CL=F,Crude Oil,2012,09-01-2012,101.9199982,102.1500015,100.0999985,101.3099976,311866
257,CL=F,Crude Oil,2012,10-01-2012,101.3000031,103.4100037,101.3000031,102.2399979,291273
258,CL=F,Crude Oil,2012,11-01-2012,102.1999969,102.4599991,100.5500031,100.8700027,311641
259,CL=F,Crude Oil,2012,12-01-2012,101.0,102.9800034,98.5,99.09999847,370509
260,CL=F,Crude Oil,2012,13-01-2012,99.19999695,100.1900024,97.69999695,98.69999695,335624
261,CL=F,Crude Oil,2012,17-01-2012,98.94999695,101.0100021,98.59999847,100.7099991,341887
262,CL=F,Crude Oil,2012,18-01-2012,100.9100037,102.0599976,99.83999634,100.5899963,269387
263,CL=F,Crude Oil,2012,19-01-2012,101.1399994,102.0599976,99.98000336,100.3899994,120170
264,CL=F,Crude Oil,2012,20-01-2012,100.3899994,100.7399979,97.91000366,98.45999908,304986
265,CL=F,Crude Oil,2012,23-01-2012,98.33999634,100.2399979,97.40000153,99.58000183,238960
266,CL=F,Crude Oil,2012,24-01-2012,99.87999725,100.1800003,98.25,98.94999695,242477
267,CL=F,Crude Oil,2012,25-01-2012,99.19999695,100.4000015,97.52999878,99.40000153,322794
268,CL=F,Crude Oil,2012,26-01-2012,99.95999908,101.3899994,99.23000336,99.69999695,260744
269,CL=F,Crude Oil,2012,27-01-2012,99.93000031,100.6299973,99.12999725,99.55999756,253456
270,CL=F,Crude Oil,2012,30-01-2012,100.0,100.0500031,98.43000031,98.77999878,215829
271,CL=F,Crude Oil,2012,31-01-2012,98.87999725,101.2900009,97.86000061,98.48000336,373891
272,CL=F,Crude Oil,2012,01-02-2012,98.37999725,99.48999786,97.11000061,97.61000061,293554
273,CL=F,Crude Oil,2012,02-02-2012,97.11000061,97.98999786,95.44000244,96.36000061,331240
274,CL=F,Crude Oil,2012,03-02-2012,96.61000061,98.02999878,96.01000214,97.83999634,318638
275,CL=F,Crude Oil,2012,06-02-2012,97.73999786,97.75,96.37999725,96.91000366,257715
276,CL=F,Crude Oil,2012,07-02-2012,97.12999725,99.12999725,95.83999634,98.41000366,415728
277,CL=F,Crude Oil,2012,08-02-2012,98.76999664,100.0899963,98.09999847,98.70999908,364737
278,CL=F,Crude Oil,2012,09-02-2012,99.09999847,100.1800003,98.66000366,99.83999634,295425
279,CL=F,Crude Oil,2012,10-02-2012,99.88999939,99.88999939,97.31999969,98.66999817,307564
280,CL=F,Crude Oil,2012,13-02-2012,99.33000183,101.0,99.08999634,100.9100037,268062
281,CL=F,Crude Oil,2012,14-02-2012,100.7300034,101.8399963,100.2799988,100.7399979,314286
282,CL=F,Crude Oil,2012,15-02-2012,100.9000015,102.5400009,100.6100006,101.8000031,278272
283,CL=F,Crude Oil,2012,16-02-2012,101.9000015,102.6900024,100.8399963,102.3099976,197307
284,CL=F,Crude Oil,2012,17-02-2012,102.3499985,104.1399994,102.25,103.2399979,134499
285,CL=F,Crude Oil,2012,21-02-2012,104.6500015,106.0699997,104.2600021,105.8399963,316239
286,CL=F,Crude Oil,2012,22-02-2012,106.0100021,106.7200012,105.6100006,106.2799988,241329
287,CL=F,Crude Oil,2012,23-02-2012,105.9499969,108.7399979,105.4499969,107.8300018,325662
288,CL=F,Crude Oil,2012,24-02-2012,108.6600037,109.9499969,107.9499969,109.7699966,267713
289,CL=F,Crude Oil,2012,27-02-2012,109.6699982,109.7699966,107.2699966,108.5599976,277597
290,CL=F,Crude Oil,2012,28-02-2012,107.9499969,108.7900009,106.3000031,106.5500031,278723
291,CL=F,Crude Oil,2012,29-02-2012,106.4599991,107.4300003,104.8399963,107.0699997,353125
292,CL=F,Crude Oil,2012,01-03-2012,106.8199997,110.5500031,106.5500031,108.8399963,389838
293,CL=F,Crude Oil,2012,02-03-2012,108.75,109.0299988,105.8000031,106.6999969,299664
294,CL=F,Crude Oil,2012,05-03-2012,106.75,107.4199982,105.5,106.7200012,237450
295,CL=F,Crude Oil,2012,06-03-2012,107.1100006,107.3399963,104.5100021,104.6999969,332561
296,CL=F,Crude Oil,2012,07-03-2012,104.9300003,106.5500031,104.3499985,106.1600037,333242
297,CL=F,Crude Oil,2012,08-03-2012,106.2399979,107.1999969,105.8399963,106.5800018,279597
298,CL=F,Crude Oil,2012,09-03-2012,106.9100037,108.1999969,106.1299973,107.4000015,292694
299,CL=F,Crude Oil,2012,12-03-2012,107.5,107.5599976,105.3799973,106.3399963,234727
300,CL=F,Crude Oil,2012,13-03-2012,106.5500031,107.3499985,105.6699982,106.7099991,282350
301,CL=F,Crude Oil,2012,14-03-2012,106.6900024,107.0199966,105.1200027,105.4300003,283510
302,CL=F,Crude Oil,2012,15-03-2012,105.5,106.1800003,103.7799988,105.1100006,371039
303,CL=F,Crude Oil,2012,16-03-2012,105.4400024,107.3399963,105.1299973,107.0599976,192992
304,CL=F,Crude Oil,2012,19-03-2012,107.1800003,108.2399979,106.5500031,108.0899963,110353
305,CL=F,Crude Oil,2012,20-03-2012,107.8199997,107.9100037,105.3499985,105.6100006,329535
306,CL=F,Crude Oil,2012,21-03-2012,106.3300018,107.6399994,106.0599976,107.2699966,252603
307,CL=F,Crude Oil,2012,22-03-2012,106.8099976,107.1200027,104.5,105.3499985,295474
308,CL=F,Crude Oil,2012,23-03-2012,105.5199966,108.25,105.1600037,106.8700027,260269
309,CL=F,Crude Oil,2012,26-03-2012,106.7900009,107.3199997,106.1900024,107.0299988,162276
310,CL=F,Crude Oil,2012,27-03-2012,107.0899963,107.7300034,106.5199966,107.3300018,209036
311,CL=F,Crude Oil,2012,28-03-2012,106.8099976,106.9400024,104.6699982,105.4100037,309064
312,CL=F,Crude Oil,2012,29-03-2012,105.5800018,105.6999969,102.1299973,102.7799988,319988
313,CL=F,Crude Oil,2012,30-03-2012,103.2900009,104.1500015,102.7799988,103.0199966,244155
314,CL=F,Crude Oil,2012,02-04-2012,103.2699966,105.4899979,102.0599976,105.2300034,278097
315,CL=F,Crude Oil,2012,03-04-2012,105.0400009,105.1800003,103.5899963,104.0100021,245541
316,CL=F,Crude Oil,2012,04-04-2012,104.0899963,104.1200027,101.0800018,101.4700012,300729
317,CL=F,Crude Oil,2012,05-04-2012,101.9599991,103.4000015,101.3700027,103.3099976,242903
318,CL=F,Crude Oil,2012,09-04-2012,102.5299988,102.5999985,100.8099976,102.4599991,205924
319,CL=F,Crude Oil,2012,10-04-2012,102.3300018,102.9599991,100.6800003,101.0199966,312927
320,CL=F,Crude Oil,2012,11-04-2012,100.9400024,103.1299973,100.8399963,102.6999969,283008
321,CL=F,Crude Oil,2012,12-04-2012,102.5500031,104.2399979,102.3899994,103.6399994,271285
322,CL=F,Crude Oil,2012,13-04-2012,103.6600037,103.9000015,102.6100006,102.8300018,227259
323,CL=F,Crude Oil,2012,16-04-2012,102.8000031,103.3700027,101.8000031,102.9300003,284959
324,CL=F,Crude Oil,2012,17-04-2012,103.1500015,105.0699997,102.6600037,104.1999969,244523
325,CL=F,Crude Oil,2012,18-04-2012,104.2200012,104.5100021,102.1900024,102.6699982,195812
326,CL=F,Crude Oil,2012,19-04-2012,102.7300034,103.2099991,101.6699982,102.2699966,91398
327,CL=F,Crude Oil,2012,20-04-2012,102.5699997,104.2699966,102.4499969,103.0500031,225790
328,CL=F,Crude Oil,2012,23-04-2012,103.8199997,103.9000015,101.8199997,103.1100006,213202
329,CL=F,Crude Oil,2012,24-04-2012,103.1100006,104.0999985,102.7900009,103.5500031,196136
330,CL=F,Crude Oil,2012,25-04-2012,103.7600021,104.5699997,103.1100006,104.1200027,276652
331,CL=F,Crude Oil,2012,26-04-2012,103.9599991,104.9199982,103.8399963,104.5500031,192832
332,CL=F,Crude Oil,2012,27-04-2012,104.0999985,105.0,103.7399979,104.9300003,182104
333,CL=F,Crude Oil,2012,30-04-2012,104.9300003,105.1600037,103.8799973,104.8700027,211453
334,CL=F,Crude Oil,2012,01-05-2012,104.8899994,106.4300003,104.3899994,106.1600037,245921
335,CL=F,Crude Oil,2012,02-05-2012,105.9800034,106.0500031,104.9100037,105.2200012,256649
336,CL=F,Crude Oil,2012,03-05-2012,105.3899994,105.4199982,102.3600006,102.5400009,316883
337,CL=F,Crude Oil,2012,04-05-2012,102.5899963,102.7200012,97.51000214,98.48999786,443060
338,CL=F,Crude Oil,2012,07-05-2012,98.05000305,98.23999786,95.33999634,97.94000244,300474
339,CL=F,Crude Oil,2012,08-05-2012,97.95999908,98.12000275,95.51999664,97.01000214,333767
340,CL=F,Crude Oil,2012,09-05-2012,97.37999725,97.38999939,95.16999817,96.80999756,332865
341,CL=F,Crude Oil,2012,10-05-2012,96.44999695,97.69000244,96.08000183,97.08000183,282314
342,CL=F,Crude Oil,2012,11-05-2012,96.52999878,97.19999695,95.55999756,96.12999725,260539
343,CL=F,Crude Oil,2012,14-05-2012,95.79000092,95.83000183,93.65000153,94.77999878,251994
344,CL=F,Crude Oil,2012,15-05-2012,93.91000366,95.48000336,93.01999664,93.98000336,284712
345,CL=F,Crude Oil,2012,16-05-2012,93.16000366,94.16000366,91.80999756,92.80999756,308371
346,CL=F,Crude Oil,2012,17-05-2012,92.76999664,93.87999725,92.08999634,92.55999756,280073
347,CL=F,Crude Oil,2012,18-05-2012,92.86000061,92.87999725,90.93000031,91.48000336,211749
348,CL=F,Crude Oil,2012,21-05-2012,91.26999664,93.05999756,90.83999634,92.56999969,107239
349,CL=F,Crude Oil,2012,22-05-2012,92.63999939,93.01000214,91.40000153,91.66000366,226226
350,CL=F,Crude Oil,2012,23-05-2012,91.54000092,91.72000122,89.27999878,89.90000153,275522
351,CL=F,Crude Oil,2012,24-05-2012,90.52999878,91.51999664,89.80999756,90.66000366,231521
352,CL=F,Crude Oil,2012,25-05-2012,90.79000092,91.31999969,90.19999695,90.86000061,153921
353,CL=F,Crude Oil,2012,29-05-2012,91.0,92.20999908,90.25,90.76000214,262562
354,CL=F,Crude Oil,2012,30-05-2012,90.86000061,90.91999817,87.26999664,87.81999969,297197
355,CL=F,Crude Oil,2012,31-05-2012,87.55000305,88.27999878,85.86000061,86.52999878,345433
356,CL=F,Crude Oil,2012,01-06-2012,86.44000244,86.58999634,82.29000092,83.23000336,407579
357,CL=F,Crude Oil,2012,04-06-2012,82.95999908,84.37999725,81.20999908,83.98000336,309777
358,CL=F,Crude Oil,2012,05-06-2012,84.13999939,84.91999817,83.30999756,84.29000092,246358
359,CL=F,Crude Oil,2012,06-06-2012,84.12000275,86.26999664,84.02999878,85.01999664,313102
360,CL=F,Crude Oil,2012,07-06-2012,85.5,87.02999878,83.43000031,84.81999969,339002
361,CL=F,Crude Oil,2012,08-06-2012,83.62999725,84.66999817,82.0,84.09999847,304641
362,CL=F,Crude Oil,2012,11-06-2012,85.72000122,86.63999939,81.11000061,82.69999695,343211
363,CL=F,Crude Oil,2012,12-06-2012,81.18000031,83.72000122,81.06999969,83.31999969,320803
364,CL=F,Crude Oil,2012,13-06-2012,83.51000214,84.01000214,82.15000153,82.62000275,327544
365,CL=F,Crude Oil,2012,14-06-2012,82.44000244,84.41999817,82.26999664,83.91000366,278944
366,CL=F,Crude Oil,2012,15-06-2012,84.33000183,84.80000305,83.41999817,84.02999878,216554
367,CL=F,Crude Oil,2012,18-06-2012,85.08999634,85.59999847,82.04000092,83.26999664,216955
368,CL=F,Crude Oil,2012,19-06-2012,83.05999756,84.41000366,82.27999878,84.02999878,109008
369,CL=F,Crude Oil,2012,20-06-2012,84.04000092,84.33999634,80.91000366,81.80000305,413790
370,CL=F,Crude Oil,2012,21-06-2012,81.08000183,81.19999695,77.93000031,78.19999695,376969
371,CL=F,Crude Oil,2012,22-06-2012,78.11000061,80.37000275,77.55999756,79.76000214,293224
372,CL=F,Crude Oil,2012,25-06-2012,80.19999695,80.68000031,78.02999878,79.20999908,249004
373,CL=F,Crude Oil,2012,26-06-2012,79.23000336,79.68000031,78.36000061,79.36000061,253304
374,CL=F,Crude Oil,2012,27-06-2012,79.47000122,80.91999817,78.68000031,80.20999908,253006
375,CL=F,Crude Oil,2012,28-06-2012,80.48000336,80.83999634,77.27999878,77.69000244,310148
376,CL=F,Crude Oil,2012,29-06-2012,78.45999908,85.33999634,78.27999878,84.95999908,439010
377,CL=F,Crude Oil,2012,02-07-2012,84.65000153,85.05000305,82.09999847,83.75,299104
378,CL=F,Crude Oil,2012,03-07-2012,83.66999817,88.04000092,83.33000183,87.66000366,336186
379,CL=F,Crude Oil,2012,05-07-2012,87.75,88.98000336,86.5,87.22000122,368616
380,CL=F,Crude Oil,2012,06-07-2012,86.73000336,87.12999725,84.01999664,84.44999695,296204
381,CL=F,Crude Oil,2012,09-07-2012,84.19999695,86.48000336,84.0,85.98999786,256901
382,CL=F,Crude Oil,2012,10-07-2012,85.83999634,85.94999695,83.65000153,83.91000366,291409
383,CL=F,Crude Oil,2012,11-07-2012,84.01000214,86.48999786,84.01000214,85.80999756,307821
384,CL=F,Crude Oil,2012,12-07-2012,86.19999695,86.37000275,84.20999908,86.08000183,240725
385,CL=F,Crude Oil,2012,13-07-2012,85.86000061,87.61000061,85.58000183,87.09999847,260828
386,CL=F,Crude Oil,2012,16-07-2012,87.12999725,88.48000336,86.41000366,88.43000031,223124
387,CL=F,Crude Oil,2012,17-07-2012,88.26000214,89.45999908,87.41000366,89.22000122,262785
388,CL=F,Crude Oil,2012,18-07-2012,89.12999725,90.04000092,88.58999634,89.87000275,192847
389,CL=F,Crude Oil,2012,19-07-2012,90.08000183,92.94000244,89.86000061,92.66000366,102928
390,CL=F,Crude Oil,2012,20-07-2012,92.22000122,92.30000305,90.66000366,91.44000244,249172
391,CL=F,Crude Oil,2012,23-07-2012,91.61000061,91.63999939,87.91000366,88.13999939,290355
392,CL=F,Crude Oil,2012,24-07-2012,88.05000305,89.08999634,87.43000031,88.5,309865
393,CL=F,Crude Oil,2012,25-07-2012,88.19999695,89.36000061,86.83999634,88.97000122,289552
394,CL=F,Crude Oil,2012,26-07-2012,89.09999847,90.47000122,88.06999969,89.38999939,233400
395,CL=F,Crude Oil,2012,27-07-2012,89.43000031,90.44999695,89.12999725,90.12999725,210412
396,CL=F,Crude Oil,2012,30-07-2012,90.13999939,90.94999695,89.33000183,89.77999878,191095
397,CL=F,Crude Oil,2012,31-07-2012,89.66999817,90.30000305,87.30999756,88.05999756,282851
398,CL=F,Crude Oil,2012,01-08-2012,88.02999878,89.47000122,87.51000214,88.91000366,281204
399,CL=F,Crude Oil,2012,02-08-2012,88.87000275,89.62999725,86.91999817,87.12999725,302698
400,CL=F,Crude Oil,2012,03-08-2012,87.26000214,91.73999786,87.23000336,91.40000153,301783
401,CL=F,Crude Oil,2012,06-08-2012,91.33999634,92.33000183,90.62999725,92.19999695,194374
402,CL=F,Crude Oil,2012,07-08-2012,92.05000305,94.41999817,91.77999878,93.66999817,260012
403,CL=F,Crude Oil,2012,08-08-2012,93.41000366,94.72000122,92.81999969,93.34999847,269931
404,CL=F,Crude Oil,2012,09-08-2012,93.43000031,94.20999908,93.06999969,93.36000061,258637
405,CL=F,Crude Oil,2012,10-08-2012,93.45999908,93.87000275,91.70999908,92.87000275,224512
406,CL=F,Crude Oil,2012,13-08-2012,93.25,94.13999939,92.05000305,92.73000336,280268
407,CL=F,Crude Oil,2012,14-08-2012,92.70999908,93.91999817,92.55999756,93.43000031,200411
408,CL=F,Crude Oil,2012,15-08-2012,93.25,94.90000153,92.68000031,94.33000183,281643
409,CL=F,Crude Oil,2012,16-08-2012,94.20999908,95.75,93.93000031,95.59999847,212628
410,CL=F,Crude Oil,2012,17-08-2012,95.23000336,96.27999878,94.98000336,96.01000214,162591
411,CL=F,Crude Oil,2012,20-08-2012,96.36000061,96.52999878,95.01999664,95.97000122,113309
412,CL=F,Crude Oil,2012,21-08-2012,95.97000122,97.59999847,95.80999756,96.68000031,220192
413,CL=F,Crude Oil,2012,22-08-2012,96.94000244,97.54000092,96.26000214,97.26000214,217435
414,CL=F,Crude Oil,2012,23-08-2012,97.30000305,98.29000092,95.75,96.26999664,225156
415,CL=F,Crude Oil,2012,24-08-2012,96.05999756,97.16999817,95.41000366,96.15000153,204231
416,CL=F,Crude Oil,2012,27-08-2012,96.66999817,97.72000122,94.41000366,95.47000122,230844
417,CL=F,Crude Oil,2012,28-08-2012,95.66000366,96.54000092,95.13999939,96.33000183,198458
418,CL=F,Crude Oil,2012,29-08-2012,96.08000183,96.37000275,94.76000214,95.48999786,185887
419,CL=F,Crude Oil,2012,30-08-2012,95.30000305,95.59999847,93.94999695,94.62000275,192455
420,CL=F,Crude Oil,2012,31-08-2012,94.75,96.91999817,94.51000214,96.47000122,249063
421,CL=F,Crude Oil,2012,04-09-2012,96.37999725,97.37000275,94.97000122,95.30000305,256147
422,CL=F,Crude Oil,2012,05-09-2012,95.61000061,96.02999878,94.26000214,95.36000061,233044
423,CL=F,Crude Oil,2012,06-09-2012,96.0,97.70999908,94.58999634,95.52999878,327082
424,CL=F,Crude Oil,2012,07-09-2012,94.69999695,96.73999786,94.08000183,96.41999817,293026
425,CL=F,Crude Oil,2012,10-09-2012,96.23999786,96.62999725,95.33999634,96.54000092,221996
426,CL=F,Crude Oil,2012,11-09-2012,96.29000092,97.30999756,96.08000183,97.16999817,222006
427,CL=F,Crude Oil,2012,12-09-2012,96.84999847,98.05999756,96.30999756,97.01000214,223528
428,CL=F,Crude Oil,2012,13-09-2012,96.93000031,98.58000183,96.51000214,98.30999756,291055
429,CL=F,Crude Oil,2012,14-09-2012,98.04000092,100.4199982,97.98999786,99.0,271794
430,CL=F,Crude Oil,2012,17-09-2012,99.15000153,99.51999664,94.65000153,96.62000275,308274
431,CL=F,Crude Oil,2012,18-09-2012,96.70999908,97.23000336,95.11000061,95.29000092,196211
432,CL=F,Crude Oil,2012,19-09-2012,95.48999786,96.16999817,91.25,91.98000336,133035
433,CL=F,Crude Oil,2012,20-09-2012,91.76999664,92.37000275,90.66000366,91.87000275,244553
434,CL=F,Crude Oil,2012,21-09-2012,92.93000031,93.83999634,92.58999634,92.88999939,181036
435,CL=F,Crude Oil,2012,24-09-2012,93.18000031,93.18000031,91.05999756,91.93000031,188315
436,CL=F,Crude Oil,2012,25-09-2012,92.11000061,93.19999695,90.56999969,91.37000275,239024
437,CL=F,Crude Oil,2012,26-09-2012,90.81999969,91.33999634,88.94999695,89.98000336,272057
438,CL=F,Crude Oil,2012,27-09-2012,90.08000183,92.38999939,89.87999725,91.84999847,237289
439,CL=F,Crude Oil,2012,28-09-2012,92.34999847,92.70999908,91.40000153,92.19000244,210195
440,CL=F,Crude Oil,2012,01-10-2012,92.15000153,93.33000183,91.26000214,92.48000336,216005
441,CL=F,Crude Oil,2012,02-10-2012,92.41000366,92.94000244,91.62000275,91.88999939,177728
442,CL=F,Crude Oil,2012,03-10-2012,91.63999939,91.81999969,87.69999695,88.13999939,339506
443,CL=F,Crude Oil,2012,04-10-2012,88.01000214,91.83999634,87.91000366,91.70999908,291389
444,CL=F,Crude Oil,2012,05-10-2012,91.51000214,91.70999908,89.01000214,89.87999725,279131
445,CL=F,Crude Oil,2012,08-10-2012,89.84999847,89.88999939,88.20999908,89.33000183,202688
446,CL=F,Crude Oil,2012,09-10-2012,89.62000275,92.91000366,89.29000092,92.38999939,378040
447,CL=F,Crude Oil,2012,10-10-2012,92.26000214,93.66000366,91.01999664,91.25,303502
448,CL=F,Crude Oil,2012,11-10-2012,91.26999664,92.94000244,91.08999634,92.06999969,300087
449,CL=F,Crude Oil,2012,12-10-2012,92.41000366,92.63999939,91.16000366,91.86000061,198462
450,CL=F,Crude Oil,2012,15-10-2012,91.62999725,92.19999695,89.79000092,91.84999847,269016
451,CL=F,Crude Oil,2012,16-10-2012,91.76000214,92.31999969,91.30000305,92.08999634,232217
452,CL=F,Crude Oil,2012,17-10-2012,92.08000183,92.84999847,91.55000305,92.12000275,226343
453,CL=F,Crude Oil,2012,18-10-2012,92.05999756,92.58999634,90.66000366,92.09999847,184654
454,CL=F,Crude Oil,2012,19-10-2012,92.04000092,93.05000305,89.83000183,90.05000305,123648
455,CL=F,Crude Oil,2012,22-10-2012,89.51999664,90.80000305,88.19999695,88.73000336,275720
456,CL=F,Crude Oil,2012,23-10-2012,89.13999939,89.29000092,85.69000244,86.66999817,309492
457,CL=F,Crude Oil,2012,24-10-2012,86.59999847,87.47000122,84.94000244,85.73000336,298160
458,CL=F,Crude Oil,2012,25-10-2012,85.65000153,86.75,85.23000336,86.05000305,208678
459,CL=F,Crude Oil,2012,26-10-2012,86.0,86.37000275,85.0,86.27999878,212378
460,CL=F,Crude Oil,2012,31-10-2012,85.73000336,87.19000244,85.61000061,86.23999786,212577
461,CL=F,Crude Oil,2012,01-11-2012,86.09999847,87.41999817,85.91999817,87.08999634,197179
462,CL=F,Crude Oil,2012,02-11-2012,86.91000366,87.23999786,84.66000366,84.86000061,297311
463,CL=F,Crude Oil,2012,05-11-2012,84.65000153,85.90000153,84.33999634,85.65000153,221397
464,CL=F,Crude Oil,2012,06-11-2012,85.66999817,89.22000122,85.41999817,88.70999908,303429
465,CL=F,Crude Oil,2012,07-11-2012,88.41999817,88.80000305,84.05000305,84.44000244,422211
466,CL=F,Crude Oil,2012,08-11-2012,84.51999664,85.69999695,84.22000122,85.08999634,296599
467,CL=F,Crude Oil,2012,09-11-2012,85.0,86.76999664,84.12999725,86.06999969,322403
468,CL=F,Crude Oil,2012,12-11-2012,86.19000244,86.54000092,85.26999664,85.56999969,280690
469,CL=F,Crude Oil,2012,13-11-2012,85.58999634,85.94999695,84.56999969,85.37999725,352247
470,CL=F,Crude Oil,2012,14-11-2012,85.37000275,86.65000153,84.93000031,86.31999969,265306
471,CL=F,Crude Oil,2012,15-11-2012,86.36000061,86.83000183,84.68000031,85.44999695,168098
472,CL=F,Crude Oil,2012,16-11-2012,85.27999878,87.01000214,85.01999664,86.66999817,271209
473,CL=F,Crude Oil,2012,19-11-2012,87.30000305,89.80000305,87.11000061,89.27999878,247078
474,CL=F,Crude Oil,2012,20-11-2012,89.15000153,89.19000244,86.16999817,86.75,322630
475,CL=F,Crude Oil,2012,21-11-2012,87.27999878,87.88999939,86.37000275,87.37999725,220980
476,CL=F,Crude Oil,2012,23-11-2012,87.68000031,88.52999878,86.70999908,88.27999878,104944
477,CL=F,Crude Oil,2012,26-11-2012,88.20999908,88.29000092,87.26999664,87.73999786,156593
478,CL=F,Crude Oil,2012,27-11-2012,87.81999969,88.25,86.83000183,87.18000031,210470
479,CL=F,Crude Oil,2012,28-11-2012,87.33000183,87.33999634,85.36000061,86.48999786,249744
480,CL=F,Crude Oil,2012,29-11-2012,86.56999969,88.69000244,86.55000305,88.06999969,270030
481,CL=F,Crude Oil,2012,30-11-2012,87.66000366,88.98999786,87.47000122,88.91000366,216206
482,CL=F,Crude Oil,2012,03-12-2012,88.84999847,90.33000183,88.66000366,89.08999634,235987
483,CL=F,Crude Oil,2012,04-12-2012,88.93000031,89.18000031,87.56999969,88.5,206265
484,CL=F,Crude Oil,2012,05-12-2012,88.5,89.05000305,87.45999908,87.87999725,220850
485,CL=F,Crude Oil,2012,06-12-2012,87.87000275,88.23000336,85.68000031,86.26000214,269293
486,CL=F,Crude Oil,2012,07-12-2012,86.38999939,86.91999817,85.76999664,85.93000031,244993
487,CL=F,Crude Oil,2012,10-12-2012,85.98000336,86.77999878,85.33000183,85.55999756,211603
488,CL=F,Crude Oil,2012,11-12-2012,85.69999695,86.37000275,85.20999908,85.79000092,217859
489,CL=F,Crude Oil,2012,12-12-2012,85.69000244,87.68000031,85.68000031,86.76999664,300353
490,CL=F,Crude Oil,2012,13-12-2012,86.76999664,86.97000122,85.80999756,85.88999939,228417
491,CL=F,Crude Oil,2012,14-12-2012,86.12999725,86.91999817,86.05000305,86.73000336,218265
492,CL=F,Crude Oil,2012,17-12-2012,86.87999725,87.70999908,86.48000336,87.19999695,157226
493,CL=F,Crude Oil,2012,18-12-2012,87.44999695,88.16000366,87.20999908,87.93000031,93130
494,CL=F,Crude Oil,2012,19-12-2012,87.94000244,89.90000153,87.80999756,89.51000214,233083
495,CL=F,Crude Oil,2012,20-12-2012,89.69000244,90.54000092,89.26000214,90.12999725,178144
496,CL=F,Crude Oil,2012,21-12-2012,90.01999664,90.06999969,87.95999908,88.66000366,180375
497,CL=F,Crude Oil,2012,24-12-2012,88.59999847,88.86000061,88.19999695,88.61000061,48516
498,CL=F,Crude Oil,2012,26-12-2012,88.62000275,91.30000305,88.58999634,90.98000336,141598
499,CL=F,Crude Oil,2012,27-12-2012,91.0,91.44000244,90.05000305,90.87000275,152771
500,CL=F,Crude Oil,2012,28-12-2012,91.15000153,91.48999786,90.31999969,90.80000305,131374
501,CL=F,Crude Oil,2012,31-12-2012,90.41000366,91.98999786,90.0,91.81999969,119525
502,CL=F,Crude Oil,2013,02-01-2013,91.77999878,93.87000275,91.55999756,93.12000275,203865
503,CL=F,Crude Oil,2013,03-01-2013,92.91000366,93.30000305,92.48999786,92.91999817,189812
504,CL=F,Crude Oil,2013,04-01-2013,92.86000061,93.20999908,91.51999664,93.08999634,210747
505,CL=F,Crude Oil,2013,07-01-2013,93.20999908,93.34999847,92.41999817,93.19000244,166292
506,CL=F,Crude Oil,2013,08-01-2013,93.31999969,93.80000305,92.66999817,93.15000153,195867
507,CL=F,Crude Oil,2013,09-01-2013,93.15000153,93.65000153,92.68000031,93.09999847,201385
508,CL=F,Crude Oil,2013,10-01-2013,93.19000244,94.69999695,93.08000183,93.81999969,279295
509,CL=F,Crude Oil,2013,11-01-2013,93.87000275,94.12999725,92.65000153,93.55999756,257821
510,CL=F,Crude Oil,2013,14-01-2013,93.73999786,94.29000092,92.94999695,94.13999939,248600
511,CL=F,Crude Oil,2013,15-01-2013,94.19999695,94.44000244,93.22000122,93.27999878,248136
512,CL=F,Crude Oil,2013,16-01-2013,93.40000153,94.36000061,93.09999847,94.23999786,241531
513,CL=F,Crude Oil,2013,17-01-2013,94.19000244,96.04000092,93.80000305,95.48999786,178285
514,CL=F,Crude Oil,2013,18-01-2013,95.19000244,95.66999817,94.91000366,95.55999756,118549
515,CL=F,Crude Oil,2013,22-01-2013,95.25,96.40000153,94.98000336,96.23999786,236391
516,CL=F,Crude Oil,2013,23-01-2013,96.76000214,96.91999817,94.94999695,95.23000336,318008
517,CL=F,Crude Oil,2013,24-01-2013,95.5,96.68000031,95.12000275,95.94999695,232035
518,CL=F,Crude Oil,2013,25-01-2013,95.94999695,96.55999756,95.43000031,95.87999725,184873
519,CL=F,Crude Oil,2013,28-01-2013,96.04000092,96.80999756,95.47000122,96.44000244,167186
520,CL=F,Crude Oil,2013,29-01-2013,96.45999908,97.81999969,96.29000092,97.56999969,252931
521,CL=F,Crude Oil,2013,30-01-2013,97.31999969,98.23999786,97.31999969,97.94000244,211277
522,CL=F,Crude Oil,2013,31-01-2013,97.95999908,98.04000092,96.83999634,97.48999786,230630
523,CL=F,Crude Oil,2013,01-02-2013,97.41999817,98.15000153,96.51000214,97.76999664,270275
524,CL=F,Crude Oil,2013,04-02-2013,97.72000122,97.76000214,95.88999939,96.16999817,196975
525,CL=F,Crude Oil,2013,05-02-2013,96.12999725,97.06999969,95.91000366,96.63999939,188841
526,CL=F,Crude Oil,2013,06-02-2013,96.63999939,96.98999786,95.04000092,96.62000275,282803
527,CL=F,Crude Oil,2013,07-02-2013,96.86000061,97.20999908,95.54000092,95.83000183,275474
528,CL=F,Crude Oil,2013,08-02-2013,95.91999817,96.56999969,95.26999664,95.72000122,229242
529,CL=F,Crude Oil,2013,11-02-2013,95.79000092,97.08999634,94.97000122,97.02999878,283956
530,CL=F,Crude Oil,2013,12-02-2013,96.95999908,97.79000092,96.68000031,97.51000214,239796
531,CL=F,Crude Oil,2013,13-02-2013,97.58999634,98.11000061,96.62999725,97.01000214,246437
532,CL=F,Crude Oil,2013,14-02-2013,97.16999817,97.70999908,96.76999664,97.30999756,174599
533,CL=F,Crude Oil,2013,15-02-2013,97.33999634,97.47000122,95.20999908,95.86000061,223592
534,CL=F,Crude Oil,2013,19-02-2013,95.97000122,96.73000336,95.25,96.66000366,118307
535,CL=F,Crude Oil,2013,20-02-2013,96.66000366,97.06999969,93.91999817,94.45999908,338967
536,CL=F,Crude Oil,2013,21-02-2013,94.72000122,94.91999817,92.62999725,92.83999634,286434
537,CL=F,Crude Oil,2013,22-02-2013,92.95999908,93.48000336,92.44000244,93.12999725,204258
538,CL=F,Crude Oil,2013,25-02-2013,93.23000336,94.45999908,92.06999969,93.11000061,217519
539,CL=F,Crude Oil,2013,26-02-2013,91.91999817,93.44000244,91.91999817,92.62999725,230836
540,CL=F,Crude Oil,2013,27-02-2013,92.72000122,93.37000275,92.18000031,92.76000214,201512
541,CL=F,Crude Oil,2013,28-02-2013,92.88999939,93.18000031,91.56999969,92.05000305,218119
542,CL=F,Crude Oil,2013,01-03-2013,91.76000214,91.97000122,90.04000092,90.68000031,248466
543,CL=F,Crude Oil,2013,04-03-2013,90.70999908,90.91000366,89.33000183,90.12000275,231108
544,CL=F,Crude Oil,2013,05-03-2013,90.23000336,90.98999786,90.01999664,90.81999969,209874
545,CL=F,Crude Oil,2013,06-03-2013,90.83000183,91.16999817,89.55000305,90.43000031,244168
546,CL=F,Crude Oil,2013,07-03-2013,90.41999817,91.73000336,90.22000122,91.55999756,234921
547,CL=F,Crude Oil,2013,08-03-2013,91.41999817,92.02999878,90.83000183,91.94999695,219961
548,CL=F,Crude Oil,2013,11-03-2013,91.83000183,92.15000153,90.88999939,92.05999756,194607
549,CL=F,Crude Oil,2013,12-03-2013,91.94000244,93.47000122,91.59999847,92.54000092,283114
550,CL=F,Crude Oil,2013,13-03-2013,92.62000275,93.40000153,91.91000366,92.51999664,251336
551,CL=F,Crude Oil,2013,14-03-2013,92.51000214,93.25,92.01000214,93.02999878,174701
552,CL=F,Crude Oil,2013,15-03-2013,93.15000153,93.83999634,93.0,93.44999695,175611
553,CL=F,Crude Oil,2013,18-03-2013,93.26000214,93.94000244,91.76000214,93.73999786,151208
554,CL=F,Crude Oil,2013,19-03-2013,93.80000305,94.08999634,92.02999878,92.16000366,96796
555,CL=F,Crude Oil,2013,20-03-2013,92.08999634,93.30000305,92.08999634,92.95999908,226790
556,CL=F,Crude Oil,2013,21-03-2013,93.40000153,93.52999878,91.83999634,92.44999695,214131
557,CL=F,Crude Oil,2013,22-03-2013,92.33000183,93.94000244,92.33000183,93.70999908,202666
558,CL=F,Crude Oil,2013,25-03-2013,93.72000122,95.65000153,93.69999695,94.80999756,270651
559,CL=F,Crude Oil,2013,26-03-2013,94.75,96.44999695,94.66999817,96.33999634,214345
560,CL=F,Crude Oil,2013,27-03-2013,96.18000031,96.83999634,95.58000183,96.58000183,207777
561,CL=F,Crude Oil,2013,28-03-2013,96.68000031,97.34999847,96.26000214,97.23000336,174390
562,CL=F,Crude Oil,2013,01-04-2013,97.36000061,97.80000305,95.91999817,97.06999969,192396
563,CL=F,Crude Oil,2013,02-04-2013,97.0,97.44000244,95.91000366,97.19000244,209877
564,CL=F,Crude Oil,2013,03-04-2013,96.93000031,96.95999908,94.18000031,94.44999695,302235
565,CL=F,Crude Oil,2013,04-04-2013,94.5,94.83999634,92.12000275,93.26000214,355321
566,CL=F,Crude Oil,2013,05-04-2013,93.36000061,93.56999969,91.91000366,92.69999695,267276
567,CL=F,Crude Oil,2013,08-04-2013,93.01999664,93.75,92.45999908,93.36000061,212117
568,CL=F,Crude Oil,2013,09-04-2013,93.48999786,94.48000336,92.86000061,94.19999695,234720
569,CL=F,Crude Oil,2013,10-04-2013,93.95999908,94.81999969,93.40000153,94.63999939,248557
570,CL=F,Crude Oil,2013,11-04-2013,94.55999756,94.63999939,93.05999756,93.51000214,222439
571,CL=F,Crude Oil,2013,12-04-2013,93.48999786,93.51999664,90.26999664,91.29000092,325580
572,CL=F,Crude Oil,2013,15-04-2013,90.94999695,90.98000336,87.19999695,88.70999908,362524
573,CL=F,Crude Oil,2013,16-04-2013,87.41999817,88.95999908,86.05999756,88.72000122,287410
574,CL=F,Crude Oil,2013,17-04-2013,88.80000305,89.08999634,86.05999756,86.68000031,294274
575,CL=F,Crude Oil,2013,18-04-2013,86.38999939,88.51000214,85.61000061,87.73000336,228200
576,CL=F,Crude Oil,2013,19-04-2013,88.37000275,88.79000092,87.55999756,88.01000214,100652
577,CL=F,Crude Oil,2013,22-04-2013,87.95999908,89.12999725,87.55000305,88.76000214,238730
578,CL=F,Crude Oil,2013,23-04-2013,89.27999878,89.59999847,87.80000305,89.18000031,288801
579,CL=F,Crude Oil,2013,24-04-2013,89.59999847,91.72000122,89.20999908,91.43000031,257736
580,CL=F,Crude Oil,2013,25-04-2013,91.58000183,93.87000275,91.11000061,93.63999939,270121
581,CL=F,Crude Oil,2013,26-04-2013,93.23999786,93.58000183,92.05999756,93.0,240966
582,CL=F,Crude Oil,2013,29-04-2013,92.69999695,94.69000244,92.43000031,94.5,214608
583,CL=F,Crude Oil,2013,30-04-2013,94.41999817,94.62000275,92.86000061,93.45999908,277499
584,CL=F,Crude Oil,2013,01-05-2013,93.08000183,93.26000214,90.11000061,91.02999878,332382
585,CL=F,Crude Oil,2013,02-05-2013,91.0,94.25,90.65000153,93.98999786,310808
586,CL=F,Crude Oil,2013,03-05-2013,93.98999786,96.04000092,93.55999756,95.61000061,297522
587,CL=F,Crude Oil,2013,06-05-2013,95.58000183,97.16999817,94.84999847,96.16000366,271004
588,CL=F,Crude Oil,2013,07-05-2013,95.79000092,96.26000214,94.91999817,95.62000275,260141
589,CL=F,Crude Oil,2013,08-05-2013,95.55999756,96.76999664,95.23999786,96.62000275,276315
590,CL=F,Crude Oil,2013,09-05-2013,96.59999847,96.76999664,95.34999847,96.38999939,272196
591,CL=F,Crude Oil,2013,10-05-2013,96.16000366,96.23999786,93.37000275,96.04000092,354119
592,CL=F,Crude Oil,2013,13-05-2013,95.76000214,95.80999756,94.47000122,95.16999817,297036
593,CL=F,Crude Oil,2013,14-05-2013,94.93000031,95.66000366,93.84999847,94.20999908,269403
594,CL=F,Crude Oil,2013,15-05-2013,94.12999725,94.44000244,92.12999725,94.30000305,360684
595,CL=F,Crude Oil,2013,16-05-2013,94.33999634,95.56999969,93.23000336,95.16000366,297863
596,CL=F,Crude Oil,2013,17-05-2013,95.15000153,96.44999695,94.79000092,96.01999664,187754
597,CL=F,Crude Oil,2013,20-05-2013,95.93000031,97.11000061,95.23000336,96.70999908,118621
598,CL=F,Crude Oil,2013,21-05-2013,96.69999695,96.97000122,95.5,96.16000366,259159
599,CL=F,Crude Oil,2013,22-05-2013,95.90000153,96.19000244,94.01000214,94.27999878,336497
600,CL=F,Crude Oil,2013,23-05-2013,94.18000031,94.45999908,92.20999908,94.25,323633
601,CL=F,Crude Oil,2013,24-05-2013,94.37000275,94.38999939,93.04000092,94.15000153,203991
602,CL=F,Crude Oil,2013,28-05-2013,93.88999939,95.91999817,93.23000336,95.01000214,240990
603,CL=F,Crude Oil,2013,29-05-2013,95.05000305,95.22000122,92.83000183,93.12999725,293461
604,CL=F,Crude Oil,2013,30-05-2013,92.88999939,93.98999786,91.65000153,93.61000061,294855
605,CL=F,Crude Oil,2013,31-05-2013,93.63999939,93.84999847,91.55999756,91.97000122,267978
606,CL=F,Crude Oil,2013,03-06-2013,91.73000336,93.69999695,91.26000214,93.44999695,287474
607,CL=F,Crude Oil,2013,04-06-2013,93.34999847,94.41000366,92.37999725,93.30999756,301136
608,CL=F,Crude Oil,2013,05-06-2013,93.86000061,94.48000336,93.41000366,93.73999786,268909
609,CL=F,Crude Oil,2013,06-06-2013,93.69999695,95.31999969,93.69000244,94.76000214,267164
610,CL=F,Crude Oil,2013,07-06-2013,94.72000122,96.38999939,93.72000122,96.02999878,330833
611,CL=F,Crude Oil,2013,10-06-2013,96.08999634,96.25,95.19000244,95.76999664,234601
612,CL=F,Crude Oil,2013,11-06-2013,95.76000214,95.91000366,94.04000092,95.37999725,257474
613,CL=F,Crude Oil,2013,12-06-2013,94.88999939,96.44999695,94.45999908,95.87999725,244870
614,CL=F,Crude Oil,2013,13-06-2013,95.76999664,96.91999817,95.01999664,96.69000244,224449
615,CL=F,Crude Oil,2013,14-06-2013,96.63999939,98.25,96.41999817,97.84999847,240906
616,CL=F,Crude Oil,2013,17-06-2013,97.84999847,98.73999786,97.37999725,97.76999664,242794
617,CL=F,Crude Oil,2013,18-06-2013,97.93000031,98.66999817,97.41000366,98.44000244,145618
618,CL=F,Crude Oil,2013,19-06-2013,98.58999634,99.01000214,97.56999969,98.23999786,111300
619,CL=F,Crude Oil,2013,20-06-2013,98.01999664,98.02999878,94.88999939,95.40000153,376229
620,CL=F,Crude Oil,2013,21-06-2013,94.95999908,95.83999634,93.12000275,93.69000244,340903
621,CL=F,Crude Oil,2013,24-06-2013,93.84999847,95.58999634,92.66999817,95.18000031,315821
622,CL=F,Crude Oil,2013,25-06-2013,95.01999664,96.16999817,94.58999634,95.31999969,267541
623,CL=F,Crude Oil,2013,26-06-2013,95.16999817,95.69999695,93.68000031,95.5,291417
624,CL=F,Crude Oil,2013,27-06-2013,95.51999664,97.41000366,95.34999847,97.05000305,269312
625,CL=F,Crude Oil,2013,28-06-2013,96.80999756,97.81999969,96.33000183,96.55999756,247607
626,CL=F,Crude Oil,2013,01-07-2013,96.58000183,98.27999878,96.06999969,97.98999786,229193
627,CL=F,Crude Oil,2013,02-07-2013,98.05999756,99.87000275,97.77999878,99.59999847,285781
628,CL=F,Crude Oil,2013,03-07-2013,99.61000061,102.1800003,99.58999634,101.2399979,353250
629,CL=F,Crude Oil,2013,05-07-2013,101.0899963,103.6800003,100.7099991,103.2200012,256027
630,CL=F,Crude Oil,2013,08-07-2013,103.9499969,104.1200027,102.1299973,103.1399994,253202
631,CL=F,Crude Oil,2013,09-07-2013,103.0,104.7600021,102.3099976,103.5299988,285670
632,CL=F,Crude Oil,2013,10-07-2013,104.5699997,106.6600037,104.2099991,106.5199966,404821
633,CL=F,Crude Oil,2013,11-07-2013,106.1500015,107.4499969,104.3099976,104.9100037,316730
634,CL=F,Crude Oil,2013,12-07-2013,104.5800018,106.3300018,104.3600006,105.9499969,234756
635,CL=F,Crude Oil,2013,15-07-2013,106.0500031,106.6299973,104.6500015,106.3199997,210806
636,CL=F,Crude Oil,2013,16-07-2013,106.4400024,107.1800003,105.6600037,106.0,250921
637,CL=F,Crude Oil,2013,17-07-2013,105.7799988,106.5999985,105.1100006,106.4800034,262789
638,CL=F,Crude Oil,2013,18-07-2013,106.5599976,108.4300003,106.1500015,108.0400009,155963
639,CL=F,Crude Oil,2013,19-07-2013,108.1200027,109.3199997,107.4800034,108.0500031,112373
640,CL=F,Crude Oil,2013,22-07-2013,108.3399963,108.7900009,106.4300003,106.9100037,283866
641,CL=F,Crude Oil,2013,23-07-2013,107.0,107.5500031,105.4599991,107.2300034,241640
642,CL=F,Crude Oil,2013,24-07-2013,107.3600006,107.5199966,104.7900009,105.3899994,278262
643,CL=F,Crude Oil,2013,25-07-2013,105.3700027,105.8700027,104.0800018,105.4899979,270580
644,CL=F,Crude Oil,2013,26-07-2013,105.5599976,105.6299973,103.9000015,104.6999969,208855
645,CL=F,Crude Oil,2013,29-07-2013,104.6100006,105.3700027,103.8700027,104.5500031,206326
646,CL=F,Crude Oil,2013,30-07-2013,104.5199966,104.5400009,102.6699982,103.0800018,235605
647,CL=F,Crude Oil,2013,31-07-2013,103.1500015,105.4300003,102.9300003,105.0299988,299127
648,CL=F,Crude Oil,2013,01-08-2013,105.2600021,108.0599976,105.0999985,107.8899994,267594
649,CL=F,Crude Oil,2013,02-08-2013,107.8000031,108.8199997,106.4499969,106.9400024,249314
650,CL=F,Crude Oil,2013,05-08-2013,106.8399963,107.6900024,105.6999969,106.5599976,204860
651,CL=F,Crude Oil,2013,06-08-2013,106.4800034,107.2699966,104.8600006,105.3000031,272996
652,CL=F,Crude Oil,2013,07-08-2013,105.6800003,105.7699966,104.0999985,104.3700027,294242
653,CL=F,Crude Oil,2013,08-08-2013,104.1800003,104.9599991,102.2200012,103.4000015,320070
654,CL=F,Crude Oil,2013,09-08-2013,103.8700027,106.2399979,103.6200027,105.9700012,303796
655,CL=F,Crude Oil,2013,12-08-2013,105.8399963,106.4599991,105.0299988,106.1100006,257139
656,CL=F,Crude Oil,2013,13-08-2013,106.1500015,107.1999969,105.5599976,106.8300018,276773
657,CL=F,Crude Oil,2013,14-08-2013,106.5400009,107.0599976,105.5999985,106.8499985,270921
658,CL=F,Crude Oil,2013,15-08-2013,106.9800034,107.8700027,106.5999985,107.3300018,251868
659,CL=F,Crude Oil,2013,16-08-2013,107.1800003,108.1699982,106.5599976,107.4599991,179859
660,CL=F,Crude Oil,2013,19-08-2013,107.7799988,107.8000031,106.5599976,107.0999985,102781
661,CL=F,Crude Oil,2013,20-08-2013,106.9300003,107.0999985,104.5,104.9700012,361065
662,CL=F,Crude Oil,2013,21-08-2013,105.1800003,105.3499985,103.5,103.8499985,259243
663,CL=F,Crude Oil,2013,22-08-2013,103.8799973,105.25,103.5299988,105.0299988,204692
664,CL=F,Crude Oil,2013,23-08-2013,105.2200012,106.9400024,104.3000031,106.4199982,259545
665,CL=F,Crude Oil,2013,26-08-2013,106.9100037,107.3700027,105.5599976,105.9199982,165995
666,CL=F,Crude Oil,2013,27-08-2013,106.1399994,109.3199997,105.8799973,109.0100021,295934
667,CL=F,Crude Oil,2013,28-08-2013,109.2200012,112.2399979,109.1100006,110.0999985,336171
668,CL=F,Crude Oil,2013,29-08-2013,109.5299988,110.0699997,107.7200012,108.8000031,250038
669,CL=F,Crude Oil,2013,30-08-2013,108.1699982,108.75,106.75,107.6500015,250038
670,CL=F,Crude Oil,2013,03-09-2013,107.0699997,108.8300018,104.2099991,108.5400009,288018
671,CL=F,Crude Oil,2013,04-09-2013,108.4400024,108.6100006,106.7699966,107.2300034,224377
672,CL=F,Crude Oil,2013,05-09-2013,107.5899963,108.5400009,107.1299973,108.3700027,184889
673,CL=F,Crude Oil,2013,06-09-2013,108.5199966,110.6999969,108.1200027,110.5299988,269866
674,CL=F,Crude Oil,2013,09-09-2013,110.2799988,110.4599991,108.7600021,109.5199966,266915
675,CL=F,Crude Oil,2013,10-09-2013,108.9199982,108.9499969,106.3899994,107.3899994,325314
676,CL=F,Crude Oil,2013,11-09-2013,107.3600006,108.0899963,106.5299988,107.5599976,238235
677,CL=F,Crude Oil,2013,12-09-2013,107.7699966,109.1600037,107.3000031,108.5999985,249780
678,CL=F,Crude Oil,2013,13-09-2013,108.6399994,108.7399979,107.2300034,108.2099991,207037
679,CL=F,Crude Oil,2013,16-09-2013,107.5,108.0,106.0599976,106.5899963,282888
680,CL=F,Crude Oil,2013,17-09-2013,106.2200012,106.4300003,104.9400024,105.4199982,304851
681,CL=F,Crude Oil,2013,18-09-2013,105.5299988,108.4899979,105.3199997,108.0699997,199888
682,CL=F,Crude Oil,2013,19-09-2013,108.2200012,108.9899979,106.0800018,106.3899994,139835
683,CL=F,Crude Oil,2013,20-09-2013,106.3700027,106.4599991,104.3199997,104.6800003,250360
684,CL=F,Crude Oil,2013,23-09-2013,104.8899994,105.1200027,103.1200027,103.5899963,223392
685,CL=F,Crude Oil,2013,24-09-2013,103.4400024,103.6399994,102.3000031,103.1299973,259543
686,CL=F,Crude Oil,2013,25-09-2013,103.4100037,103.9599991,102.1999969,102.6600037,236195
687,CL=F,Crude Oil,2013,26-09-2013,102.3000031,103.2900009,102.1999969,103.0299988,183778
688,CL=F,Crude Oil,2013,27-09-2013,102.9100037,103.7699966,102.3600006,102.8700027,232299
689,CL=F,Crude Oil,2013,30-09-2013,102.4599991,102.7600021,101.0500031,102.3300018,226707
690,CL=F,Crude Oil,2013,01-10-2013,102.3099976,102.5800018,101.0599976,102.0400009,223028
691,CL=F,Crude Oil,2013,02-10-2013,101.6200027,104.2300034,101.4300003,104.0999985,300526
692,CL=F,Crude Oil,2013,03-10-2013,103.8199997,104.3799973,102.8700027,103.3099976,226225
693,CL=F,Crude Oil,2013,04-10-2013,102.9199982,104.1900024,102.9000015,103.8399963,165197
694,CL=F,Crude Oil,2013,07-10-2013,103.4499969,103.7399979,101.8600006,103.0299988,269025
695,CL=F,Crude Oil,2013,08-10-2013,103.1600037,104.0800018,102.8499985,103.4899979,194195
696,CL=F,Crude Oil,2013,09-10-2013,103.4899979,103.75,101.1800003,101.6100006,283131
697,CL=F,Crude Oil,2013,10-10-2013,101.4599991,103.5699997,101.1600037,103.0100021,296858
698,CL=F,Crude Oil,2013,11-10-2013,102.9400024,102.9499969,100.5999985,102.0199966,298216
699,CL=F,Crude Oil,2013,14-10-2013,101.3700027,102.6200027,101.0599976,102.4100037,170674
700,CL=F,Crude Oil,2013,15-10-2013,102.1900024,102.4599991,100.8700027,101.2099991,240218
701,CL=F,Crude Oil,2013,16-10-2013,100.8799973,102.9700012,100.75,102.2900009,235236
702,CL=F,Crude Oil,2013,17-10-2013,102.1299973,102.3199997,100.0299988,100.6699982,266625
703,CL=F,Crude Oil,2013,18-10-2013,100.7200012,101.7099991,100.5100021,100.8099976,116680
704,CL=F,Crude Oil,2013,21-10-2013,100.6299973,100.9499969,98.98000336,99.22000122,90824
705,CL=F,Crude Oil,2013,22-10-2013,99.05999756,99.76999664,97.5,97.80000305,347314
706,CL=F,Crude Oil,2013,23-10-2013,98.12000275,98.29000092,96.16000366,96.86000061,356194
707,CL=F,Crude Oil,2013,24-10-2013,97.09999847,97.69000244,95.94999695,97.11000061,248742
708,CL=F,Crude Oil,2013,25-10-2013,97.19000244,98.05999756,96.98999786,97.84999847,192632
709,CL=F,Crude Oil,2013,28-10-2013,97.87999725,98.81999969,97.37000275,98.68000031,230155
710,CL=F,Crude Oil,2013,29-10-2013,98.54000092,98.56999969,97.69000244,98.19999695,183243
711,CL=F,Crude Oil,2013,30-10-2013,97.76999664,97.81999969,96.55000305,96.76999664,268138
712,CL=F,Crude Oil,2013,31-10-2013,96.62000275,97.02999878,96.02999878,96.37999725,255401
713,CL=F,Crude Oil,2013,01-11-2013,96.31999969,96.65000153,94.36000061,94.61000061,282138
714,CL=F,Crude Oil,2013,04-11-2013,94.51999664,95.11000061,94.05999756,94.62000275,219109
715,CL=F,Crude Oil,2013,05-11-2013,94.47000122,94.90000153,93.06999969,93.37000275,226454
716,CL=F,Crude Oil,2013,06-11-2013,93.73999786,95.40000153,93.65000153,94.80000305,282722
717,CL=F,Crude Oil,2013,07-11-2013,94.91000366,95.30999756,93.80000305,94.19999695,260597
718,CL=F,Crude Oil,2013,08-11-2013,94.36000061,94.91999817,93.90000153,94.59999847,241690
719,CL=F,Crude Oil,2013,11-11-2013,94.44999695,95.37999725,94.11000061,95.13999939,206721
720,CL=F,Crude Oil,2013,12-11-2013,95.0,95.22000122,92.86000061,93.04000092,353689
721,CL=F,Crude Oil,2013,13-11-2013,93.06999969,94.54000092,92.93000031,93.87999725,305009
722,CL=F,Crude Oil,2013,14-11-2013,93.5,94.43000031,92.51000214,93.76000214,315066
723,CL=F,Crude Oil,2013,15-11-2013,93.88999939,94.55000305,93.58000183,93.83999634,204366
724,CL=F,Crude Oil,2013,18-11-2013,93.77999878,94.30000305,92.72000122,93.02999878,169443
725,CL=F,Crude Oil,2013,19-11-2013,93.0,93.45999908,92.43000031,93.33999634,131463
726,CL=F,Crude Oil,2013,20-11-2013,93.33000183,93.93000031,92.73000336,93.33000183,225891
727,CL=F,Crude Oil,2013,21-11-2013,93.73000336,95.62999725,93.47000122,95.44000244,222138
728,CL=F,Crude Oil,2013,22-11-2013,95.29000092,95.56999969,94.05000305,94.83999634,257843
729,CL=F,Crude Oil,2013,25-11-2013,94.15000153,94.5,93.08000183,94.08999634,270860
730,CL=F,Crude Oil,2013,26-11-2013,94.20999908,94.69000244,93.43000031,93.68000031,160178
731,CL=F,Crude Oil,2013,27-11-2013,93.5,93.59999847,91.76999664,92.30000305,230878
732,CL=F,Crude Oil,2013,29-11-2013,92.33000183,93.90000153,92.05999756,92.72000122,143205
733,CL=F,Crude Oil,2013,02-12-2013,92.70999908,94.08000183,92.55999756,93.81999969,234800
734,CL=F,Crude Oil,2013,03-12-2013,93.86000061,96.95999908,93.66999817,96.04000092,319271
735,CL=F,Crude Oil,2013,04-12-2013,96.90000153,97.58000183,96.30000305,97.19999695,325857
736,CL=F,Crude Oil,2013,05-12-2013,97.33000183,97.98999786,97.01000214,97.37999725,216392
737,CL=F,Crude Oil,2013,06-12-2013,97.37999725,98.06999969,97.08000183,97.65000153,223944
738,CL=F,Crude Oil,2013,09-12-2013,97.66000366,97.97000122,97.09999847,97.33999634,210090
739,CL=F,Crude Oil,2013,10-12-2013,97.25,98.73999786,97.23999786,98.51000214,264838
740,CL=F,Crude Oil,2013,11-12-2013,98.65000153,98.75,97.19999695,97.44000244,274194
741,CL=F,Crude Oil,2013,12-12-2013,97.55000305,98.18000031,97.30999756,97.5,205749
742,CL=F,Crude Oil,2013,13-12-2013,97.58000183,97.62000275,96.26000214,96.59999847,233161
743,CL=F,Crude Oil,2013,16-12-2013,96.55000305,97.69000244,96.20999908,97.48000336,187591
744,CL=F,Crude Oil,2013,17-12-2013,97.30000305,97.90000153,97.0,97.22000122,120127
745,CL=F,Crude Oil,2013,18-12-2013,97.30000305,98.01000214,97.01999664,97.80000305,84627
746,CL=F,Crude Oil,2013,19-12-2013,97.69000244,99.16999817,97.5,98.76999664,192782
747,CL=F,Crude Oil,2013,20-12-2013,98.69999695,99.40000153,98.54000092,99.31999969,151281
748,CL=F,Crude Oil,2013,23-12-2013,99.19999695,99.30999756,98.63999939,98.91000366,107273
749,CL=F,Crude Oil,2013,24-12-2013,98.62000275,99.30000305,98.52999878,99.22000122,51877
750,CL=F,Crude Oil,2013,26-12-2013,99.19999695,99.69999695,99.05000305,99.55000305,65666
751,CL=F,Crude Oil,2013,27-12-2013,99.62999725,100.75,99.37000275,100.3199997,127198
752,CL=F,Crude Oil,2013,30-12-2013,100.1500015,100.4199982,99.12999725,99.29000092,118356
753,CL=F,Crude Oil,2013,31-12-2013,99.25,99.38999939,98.15000153,98.41999817,113907
754,CL=F,Crude Oil,2014,02-01-2014,98.5,98.97000122,95.33999634,95.44000244,251248
755,CL=F,Crude Oil,2014,03-01-2014,95.47000122,95.73999786,93.86000061,93.95999908,215522
756,CL=F,Crude Oil,2014,06-01-2014,94.18000031,94.58999634,93.19999695,93.43000031,189379
757,CL=F,Crude Oil,2014,07-01-2014,93.59999847,94.22000122,93.34999847,93.66999817,177182
758,CL=F,Crude Oil,2014,08-01-2014,93.95999908,94.18000031,92.26000214,92.33000183,244855
759,CL=F,Crude Oil,2014,09-01-2014,92.58000183,92.93000031,91.23999786,91.66000366,255784
760,CL=F,Crude Oil,2014,10-01-2014,92.30000305,93.37999725,91.98999786,92.72000122,255988
761,CL=F,Crude Oil,2014,13-01-2014,92.83000183,92.87999725,91.43000031,91.80000305,212208
762,CL=F,Crude Oil,2014,14-01-2014,91.51000214,92.87999725,91.5,92.58999634,243474
763,CL=F,Crude Oil,2014,15-01-2014,92.65000153,94.63999939,92.43000031,94.16999817,263295
764,CL=F,Crude Oil,2014,16-01-2014,94.29000092,94.63999939,93.59999847,93.95999908,165135
765,CL=F,Crude Oil,2014,17-01-2014,94.16999817,94.94000244,93.94000244,94.37000275,119887
766,CL=F,Crude Oil,2014,21-01-2014,94.0,95.23000336,93.43000031,94.98999786,244861
767,CL=F,Crude Oil,2014,22-01-2014,95.19999695,96.88999939,95.12000275,96.73000336,252349
768,CL=F,Crude Oil,2014,23-01-2014,96.69000244,97.83999634,96.41000366,97.31999969,274078
769,CL=F,Crude Oil,2014,24-01-2014,97.37000275,97.80000305,96.25,96.63999939,239673
770,CL=F,Crude Oil,2014,27-01-2014,96.90000153,97.18000031,95.20999908,95.72000122,235110
771,CL=F,Crude Oil,2014,28-01-2014,95.66000366,97.66000366,95.62999725,97.41000366,206490
772,CL=F,Crude Oil,2014,29-01-2014,97.16999817,97.75,96.31999969,97.36000061,200486
773,CL=F,Crude Oil,2014,30-01-2014,97.41999817,98.58999634,97.33000183,98.23000336,199420
774,CL=F,Crude Oil,2014,31-01-2014,97.97000122,98.38999939,97.09999847,97.48999786,253457
775,CL=F,Crude Oil,2014,03-02-2014,97.40000153,97.94000244,96.26000214,96.43000031,293312
776,CL=F,Crude Oil,2014,04-02-2014,96.52999878,97.81999969,96.37000275,97.19000244,204282
777,CL=F,Crude Oil,2014,05-02-2014,97.66999817,98.26000214,96.80000305,97.37999725,237671
778,CL=F,Crude Oil,2014,06-02-2014,97.25,98.83000183,97.25,97.83999634,234281
779,CL=F,Crude Oil,2014,07-02-2014,97.97000122,100.2399979,97.11000061,99.87999725,270407
780,CL=F,Crude Oil,2014,10-02-2014,100.0500031,100.5500031,99.11000061,100.0599976,251127
781,CL=F,Crude Oil,2014,11-02-2014,99.97000122,100.5999985,99.59999847,99.94000244,233933
782,CL=F,Crude Oil,2014,12-02-2014,100.4599991,101.3799973,100.0400009,100.3700027,318686
783,CL=F,Crude Oil,2014,13-02-2014,100.2699966,100.6600037,99.40000153,100.3499985,221722
784,CL=F,Crude Oil,2014,14-02-2014,100.3399963,100.4700012,99.43000031,100.3000031,229784
785,CL=F,Crude Oil,2014,18-02-2014,100.3199997,103.25,100.2300034,102.4300003,177371
786,CL=F,Crude Oil,2014,19-02-2014,103.1399994,103.8000031,102.4000015,103.3099976,116164
787,CL=F,Crude Oil,2014,20-02-2014,103.4100037,103.5,102.75,102.9199982,194397
788,CL=F,Crude Oil,2014,21-02-2014,102.8700027,102.9199982,101.6900024,102.1999969,173260
789,CL=F,Crude Oil,2014,24-02-2014,102.2900009,103.4499969,101.9700012,102.8199997,177861
790,CL=F,Crude Oil,2014,25-02-2014,102.8000031,102.8399963,101.0199966,101.8300018,187216
791,CL=F,Crude Oil,2014,26-02-2014,102.0400009,102.9000015,101.5800018,102.5899963,196517
792,CL=F,Crude Oil,2014,27-02-2014,102.5699997,103.0800018,101.75,102.4000015,196494
793,CL=F,Crude Oil,2014,28-02-2014,102.1500015,102.9599991,101.8000031,102.5899963,178276
794,CL=F,Crude Oil,2014,03-03-2014,103.0,105.2200012,102.9499969,104.9199982,295819
795,CL=F,Crude Oil,2014,04-03-2014,104.8899994,104.9599991,102.8499985,103.3300018,210005
796,CL=F,Crude Oil,2014,05-03-2014,103.3499985,103.5299988,100.8499985,101.4499969,267837
797,CL=F,Crude Oil,2014,06-03-2014,101.0400009,102.0800018,100.1299973,101.5599976,291849
798,CL=F,Crude Oil,2014,07-03-2014,101.9700012,102.9100037,101.5699997,102.5800018,226145
799,CL=F,Crude Oil,2014,10-03-2014,102.75,102.8199997,100.8499985,101.1200027,225290
800,CL=F,Crude Oil,2014,11-03-2014,100.9400024,101.5199966,99.31999969,100.0299988,294201
801,CL=F,Crude Oil,2014,12-03-2014,99.48000336,99.59999847,97.55000305,97.98999786,416927
802,CL=F,Crude Oil,2014,13-03-2014,98.09999847,98.59999847,97.66999817,98.19999695,268074
803,CL=F,Crude Oil,2014,14-03-2014,98.25,99.27999878,98.05999756,98.88999939,226300
804,CL=F,Crude Oil,2014,17-03-2014,99.38999939,99.38999939,97.37000275,98.08000183,227387
805,CL=F,Crude Oil,2014,18-03-2014,97.97000122,99.77999878,97.75,99.69999695,192508
806,CL=F,Crude Oil,2014,19-03-2014,99.52999878,100.4700012,99.33999634,100.3700027,110319
807,CL=F,Crude Oil,2014,20-03-2014,100.3899994,100.8199997,99.08000183,99.43000031,244866
808,CL=F,Crude Oil,2014,21-03-2014,98.58999634,100.25,98.25,99.45999908,191289
809,CL=F,Crude Oil,2014,24-03-2014,99.48999786,100.2900009,99.05000305,99.59999847,151710
810,CL=F,Crude Oil,2014,25-03-2014,99.43000031,100.25,98.80000305,99.19000244,217013
811,CL=F,Crude Oil,2014,26-03-2014,99.18000031,100.4599991,99.09999847,100.2600021,211367
812,CL=F,Crude Oil,2014,27-03-2014,100.3000031,101.6999969,100.0299988,101.2799988,202200
813,CL=F,Crude Oil,2014,28-03-2014,101.3399963,102.2399979,101.1800003,101.6699982,166326
814,CL=F,Crude Oil,2014,31-03-2014,101.6900024,101.9700012,100.8799973,101.5800018,167570
815,CL=F,Crude Oil,2014,01-04-2014,101.5299988,101.5699997,99.27999878,99.73999786,237564
816,CL=F,Crude Oil,2014,02-04-2014,99.63999939,99.83000183,98.86000061,99.62000275,231596
817,CL=F,Crude Oil,2014,03-04-2014,99.29000092,100.4899979,99.06999969,100.2900009,195430
818,CL=F,Crude Oil,2014,04-04-2014,100.3799973,101.6299973,100.2799988,101.1399994,193532
819,CL=F,Crude Oil,2014,07-04-2014,100.9100037,101.3199997,99.91999817,100.4400024,254884
820,CL=F,Crude Oil,2014,08-04-2014,100.6900024,102.7099991,100.6800003,102.5599976,299549
821,CL=F,Crude Oil,2014,09-04-2014,102.3499985,103.7699966,102.0299988,103.5999985,324660
822,CL=F,Crude Oil,2014,10-04-2014,103.4400024,103.8099976,103.0999985,103.4000015,222169
823,CL=F,Crude Oil,2014,11-04-2014,103.3399963,104.4400024,103.0100021,103.7399979,261915
824,CL=F,Crude Oil,2014,14-04-2014,103.5599976,104.5500031,103.3399963,104.0500031,237213
825,CL=F,Crude Oil,2014,15-04-2014,103.5999985,104.0500031,102.9100037,103.75,215848
826,CL=F,Crude Oil,2014,16-04-2014,103.7600021,104.9899979,103.1200027,103.7600021,279392
827,CL=F,Crude Oil,2014,17-04-2014,103.8399963,104.7799988,103.5400009,104.3000031,191342
828,CL=F,Crude Oil,2014,21-04-2014,104.5400009,104.7699966,103.8499985,104.3700027,115095
829,CL=F,Crude Oil,2014,22-04-2014,104.3600006,104.3600006,101.6900024,102.1299973,323723
830,CL=F,Crude Oil,2014,23-04-2014,101.8600006,102.0800018,101.1999969,101.4400024,250645
831,CL=F,Crude Oil,2014,24-04-2014,101.5400009,102.3499985,101.4000015,101.9400024,202278
832,CL=F,Crude Oil,2014,25-04-2014,101.9300003,102.0500031,100.4800034,100.5999985,221601
833,CL=F,Crude Oil,2014,28-04-2014,100.4899979,101.5199966,100.3300018,100.8399963,231590
834,CL=F,Crude Oil,2014,29-04-2014,100.8899994,102.1999969,100.7099991,101.2799988,218691
835,CL=F,Crude Oil,2014,30-04-2014,100.7600021,100.7600021,99.34999847,99.73999786,282979
836,CL=F,Crude Oil,2014,01-05-2014,99.72000122,99.88999939,98.73999786,99.41999817,235455
837,CL=F,Crude Oil,2014,02-05-2014,99.16999817,100.1399994,99.16999817,99.76000214,213631
838,CL=F,Crude Oil,2014,05-05-2014,99.95999908,100.4400024,98.91000366,99.48000336,190002
839,CL=F,Crude Oil,2014,06-05-2014,99.37999725,100.4199982,99.31999969,99.5,251208
840,CL=F,Crude Oil,2014,07-05-2014,99.83000183,100.9899979,99.77999878,100.7699966,291271
841,CL=F,Crude Oil,2014,08-05-2014,100.8199997,100.9300003,99.87000275,100.2600021,252605
842,CL=F,Crude Oil,2014,09-05-2014,100.2699966,101.1800003,99.70999908,99.98999786,271341
843,CL=F,Crude Oil,2014,12-05-2014,100.1200027,100.9300003,99.93000031,100.5899963,211648
844,CL=F,Crude Oil,2014,13-05-2014,100.6299973,102.0500031,100.3600006,101.6999969,253588
845,CL=F,Crude Oil,2014,14-05-2014,101.9100037,102.6500015,101.8300018,102.3700027,234477
846,CL=F,Crude Oil,2014,15-05-2014,102.0299988,102.2600021,101.2699966,101.5,276060
847,CL=F,Crude Oil,2014,16-05-2014,101.5599976,102.2300034,101.3899994,102.0199966,147896
848,CL=F,Crude Oil,2014,19-05-2014,102.1299973,103.0899963,101.9700012,102.6100006,121114
849,CL=F,Crude Oil,2014,20-05-2014,102.5999985,102.8600006,102.0999985,102.4400024,249769
850,CL=F,Crude Oil,2014,21-05-2014,102.9599991,104.2900009,102.7799988,104.0699997,272127
851,CL=F,Crude Oil,2014,22-05-2014,103.8499985,104.2200012,103.5500031,103.7399979,159181
852,CL=F,Crude Oil,2014,23-05-2014,103.7099991,104.5,103.6399994,104.3499985,160563
853,CL=F,Crude Oil,2014,27-05-2014,104.3399963,104.5,103.5699997,104.1100006,174387
854,CL=F,Crude Oil,2014,28-05-2014,104.1399994,104.3899994,102.6399994,102.7200012,239134
855,CL=F,Crude Oil,2014,29-05-2014,103.0599976,103.9400024,102.6100006,103.5800018,205506
856,CL=F,Crude Oil,2014,30-05-2014,103.5100021,103.5599976,102.4000015,102.7099991,169734
857,CL=F,Crude Oil,2014,02-06-2014,102.9199982,103.3499985,102.0999985,102.4700012,159042
858,CL=F,Crude Oil,2014,03-06-2014,102.4400024,102.8600006,102.2300034,102.6600037,160208
859,CL=F,Crude Oil,2014,04-06-2014,102.7900009,103.6900024,102.3399963,102.6399994,208540
860,CL=F,Crude Oil,2014,05-06-2014,102.3700027,102.6900024,101.5999985,102.4800034,200402
861,CL=F,Crude Oil,2014,06-06-2014,102.4400024,103.0699997,102.3000031,102.6600037,197758
862,CL=F,Crude Oil,2014,09-06-2014,102.7799988,104.5699997,102.6200027,104.4100037,246719
863,CL=F,Crude Oil,2014,10-06-2014,104.4599991,105.0599976,103.9800034,104.3499985,255599
864,CL=F,Crude Oil,2014,11-06-2014,104.3000031,104.8099976,104.1699982,104.4000015,187728
865,CL=F,Crude Oil,2014,12-06-2014,104.4700012,106.9499969,104.3499985,106.5299988,321499
866,CL=F,Crude Oil,2014,13-06-2014,106.8399963,107.6800003,106.3700027,106.9100037,255394
867,CL=F,Crude Oil,2014,16-06-2014,106.8799973,107.5400009,106.5699997,106.9000015,204792
868,CL=F,Crude Oil,2014,17-06-2014,106.5899963,107.1800003,106.0100021,106.3600006,252969
869,CL=F,Crude Oil,2014,18-06-2014,106.5999985,106.9700012,105.8000031,105.9700012,176257
870,CL=F,Crude Oil,2014,19-06-2014,106.1100006,106.6999969,105.3199997,106.4300003,123121
871,CL=F,Crude Oil,2014,20-06-2014,106.5999985,107.7300034,106.3300018,107.2600021,213130
872,CL=F,Crude Oil,2014,23-06-2014,107.4199982,107.4499969,105.9100037,106.1699982,175473
873,CL=F,Crude Oil,2014,24-06-2014,106.0199966,106.4599991,105.25,106.0299988,175206
874,CL=F,Crude Oil,2014,25-06-2014,106.1399994,107.5,105.4700012,106.5,249064
875,CL=F,Crude Oil,2014,26-06-2014,106.7099991,106.8099976,105.0299988,105.8399963,195723
876,CL=F,Crude Oil,2014,27-06-2014,105.6399994,106.1900024,105.3300018,105.7399979,128975
877,CL=F,Crude Oil,2014,30-06-2014,105.6900024,105.7600021,104.6600037,105.3700027,215334
878,CL=F,Crude Oil,2014,01-07-2014,105.4400024,106.0899963,104.5999985,105.3399963,221685
879,CL=F,Crude Oil,2014,02-07-2014,105.2099991,105.5299988,104.0999985,104.4800034,240067
880,CL=F,Crude Oil,2014,03-07-2014,104.2699966,104.2900009,103.6699982,104.0599976,169938
881,CL=F,Crude Oil,2014,07-07-2014,104.0599976,104.1299973,103.1900024,103.5299988,189250
882,CL=F,Crude Oil,2014,08-07-2014,103.3899994,104.1999969,103.0100021,103.4000015,249378
883,CL=F,Crude Oil,2014,09-07-2014,103.4499969,103.5999985,101.8499985,102.2900009,250987
884,CL=F,Crude Oil,2014,10-07-2014,101.9499969,103.0,101.5500031,102.9300003,238076
885,CL=F,Crude Oil,2014,11-07-2014,102.8600006,102.9199982,100.4400024,100.8300018,272550
886,CL=F,Crude Oil,2014,14-07-2014,100.4599991,101.1999969,100.2200012,100.9100037,252675
887,CL=F,Crude Oil,2014,15-07-2014,100.9300003,101.0599976,99.01000214,99.95999908,331196
888,CL=F,Crude Oil,2014,16-07-2014,100.2099991,101.5999985,100.0699997,101.1999969,240202
889,CL=F,Crude Oil,2014,17-07-2014,101.4899979,103.9000015,101.2699966,103.1900024,342872
890,CL=F,Crude Oil,2014,18-07-2014,103.7200012,103.9400024,102.5800018,103.1299973,172529
891,CL=F,Crude Oil,2014,21-07-2014,102.9700012,104.9899979,102.6500015,104.5899963,126986
892,CL=F,Crude Oil,2014,22-07-2014,104.5800018,105.25,103.8899994,104.4199982,252395
893,CL=F,Crude Oil,2014,23-07-2014,101.9599991,103.3399963,101.7900009,103.1200027,260652
894,CL=F,Crude Oil,2014,24-07-2014,103.1999969,103.3099976,101.8799973,102.0699997,194404
895,CL=F,Crude Oil,2014,25-07-2014,102.0400009,102.5299988,101.0,102.0899963,284919
896,CL=F,Crude Oil,2014,28-07-2014,101.8700027,102.0999985,100.9000015,101.6699982,197815
897,CL=F,Crude Oil,2014,29-07-2014,101.5999985,101.8300018,100.3700027,100.9700012,258060
898,CL=F,Crude Oil,2014,30-07-2014,101.0299988,101.6699982,99.41999817,100.2699966,263974
899,CL=F,Crude Oil,2014,31-07-2014,99.47000122,99.84999847,97.59999847,98.16999817,335785
900,CL=F,Crude Oil,2014,01-08-2014,97.69999695,98.09999847,97.08999634,97.87999725,274992
901,CL=F,Crude Oil,2014,04-08-2014,97.66999817,98.66999817,97.43000031,98.29000092,204262
902,CL=F,Crude Oil,2014,05-08-2014,98.41000366,98.66999817,97.0,97.37999725,242237
903,CL=F,Crude Oil,2014,06-08-2014,97.62000275,98.12999725,96.69000244,96.91999817,263598
904,CL=F,Crude Oil,2014,07-08-2014,96.88999939,97.72000122,96.55000305,97.33999634,286531
905,CL=F,Crude Oil,2014,08-08-2014,97.63999939,98.44999695,97.15000153,97.65000153,266006
906,CL=F,Crude Oil,2014,11-08-2014,97.54000092,98.58000183,97.37000275,98.08000183,241493
907,CL=F,Crude Oil,2014,12-08-2014,97.83999634,97.94000244,96.80999756,97.37000275,242592
908,CL=F,Crude Oil,2014,13-08-2014,97.19999695,97.77999878,96.75,97.58999634,253703
909,CL=F,Crude Oil,2014,14-08-2014,97.30000305,97.58999634,95.26000214,95.58000183,350619
910,CL=F,Crude Oil,2014,15-08-2014,95.5,97.41000366,95.31999969,97.34999847,269750
911,CL=F,Crude Oil,2014,18-08-2014,97.09999847,97.16000366,95.80999756,96.41000366,157537
912,CL=F,Crude Oil,2014,19-08-2014,96.55999756,97.05000305,94.26000214,94.48000336,109041
913,CL=F,Crude Oil,2014,20-08-2014,94.69999695,96.47000122,94.69999695,96.06999969,207152
914,CL=F,Crude Oil,2014,21-08-2014,93.48999786,94.44999695,92.5,93.95999908,226343
915,CL=F,Crude Oil,2014,22-08-2014,93.88999939,94.04000092,92.91999817,93.65000153,191457
916,CL=F,Crude Oil,2014,25-08-2014,93.33999634,93.94999695,93.05000305,93.34999847,137420
917,CL=F,Crude Oil,2014,26-08-2014,93.36000061,94.34999847,93.34999847,93.86000061,176280
918,CL=F,Crude Oil,2014,27-08-2014,93.87999725,94.23999786,93.36000061,93.87999725,174908
919,CL=F,Crude Oil,2014,28-08-2014,93.75,94.70999908,93.44999695,94.55000305,262292
920,CL=F,Crude Oil,2014,29-08-2014,94.55999756,96.0,94.48000336,95.95999908,234972
921,CL=F,Crude Oil,2014,02-09-2014,95.80999756,95.91000366,92.68000031,92.87999725,320356
922,CL=F,Crude Oil,2014,03-09-2014,93.27999878,95.83000183,93.05999756,95.54000092,294395
923,CL=F,Crude Oil,2014,04-09-2014,95.06999969,95.38999939,94.16000366,94.44999695,254140
924,CL=F,Crude Oil,2014,05-09-2014,94.56999969,94.98999786,92.86000061,93.29000092,261386
925,CL=F,Crude Oil,2014,08-09-2014,93.48999786,93.62000275,91.80000305,92.66000366,277990
926,CL=F,Crude Oil,2014,09-09-2014,93.11000061,93.94000244,92.51999664,92.75,275876
927,CL=F,Crude Oil,2014,10-09-2014,92.79000092,93.02999878,91.22000122,91.66999817,295306
928,CL=F,Crude Oil,2014,11-09-2014,91.70999908,93.44000244,90.43000031,92.83000183,403175
929,CL=F,Crude Oil,2014,12-09-2014,93.05000305,93.66999817,91.95999908,92.26999664,297768
930,CL=F,Crude Oil,2014,15-09-2014,92.12999725,93.02999878,90.62999725,92.91999817,260506
931,CL=F,Crude Oil,2014,16-09-2014,92.80999756,95.19000244,92.45999908,94.87999725,294723
932,CL=F,Crude Oil,2014,17-09-2014,94.70999908,95.05999756,93.73999786,94.41999817,305832
933,CL=F,Crude Oil,2014,18-09-2014,93.97000122,94.81999969,92.84999847,93.06999969,170772
934,CL=F,Crude Oil,2014,19-09-2014,92.97000122,93.22000122,91.84999847,92.41000366,92780
935,CL=F,Crude Oil,2014,22-09-2014,92.22000122,92.63999939,91.19999695,91.51999664,229232
936,CL=F,Crude Oil,2014,23-09-2014,90.69999695,92.08999634,90.58000183,91.55999756,247770
937,CL=F,Crude Oil,2014,24-09-2014,91.72000122,93.29000092,91.12000275,92.80000305,282634
938,CL=F,Crude Oil,2014,25-09-2014,92.88999939,93.54000092,92.05000305,92.52999878,248852
939,CL=F,Crude Oil,2014,26-09-2014,92.47000122,93.86000061,92.23000336,93.54000092,258890
940,CL=F,Crude Oil,2014,29-09-2014,93.34999847,94.63999939,92.73999786,94.56999969,261246
941,CL=F,Crude Oil,2014,30-09-2014,94.33999634,94.90000153,90.86000061,91.16000366,429251
942,CL=F,Crude Oil,2014,01-10-2014,91.36000061,92.95999908,90.47000122,90.73000336,389246
943,CL=F,Crude Oil,2014,02-10-2014,90.73999786,91.54000092,88.18000031,91.01000214,449554
944,CL=F,Crude Oil,2014,03-10-2014,91.37999725,91.79000092,89.36000061,89.73999786,342795
945,CL=F,Crude Oil,2014,06-10-2014,89.76999664,90.73999786,88.76000214,90.33999634,276614
946,CL=F,Crude Oil,2014,07-10-2014,90.44999695,90.56999969,88.37999725,88.84999847,300113
947,CL=F,Crude Oil,2014,08-10-2014,88.43000031,88.62999725,86.83000183,87.30999756,373752
948,CL=F,Crude Oil,2014,09-10-2014,87.73000336,87.94999695,84.05999756,85.76999664,345020
949,CL=F,Crude Oil,2014,10-10-2014,84.38999939,86.29000092,83.58999634,85.81999969,396528
950,CL=F,Crude Oil,2014,13-10-2014,85.19999695,85.87000275,84.06999969,85.73999786,292345
951,CL=F,Crude Oil,2014,14-10-2014,84.98000336,85.59999847,81.31999969,81.83999634,475832
952,CL=F,Crude Oil,2014,15-10-2014,82.31999969,82.44999695,80.01000214,81.77999878,487721
953,CL=F,Crude Oil,2014,16-10-2014,81.05999756,84.83000183,79.77999878,82.69999695,424524
954,CL=F,Crude Oil,2014,17-10-2014,83.18000031,84.44999695,82.44000244,82.75,174142
955,CL=F,Crude Oil,2014,20-10-2014,83.12999725,83.48000336,81.55000305,82.70999908,83702
956,CL=F,Crude Oil,2014,21-10-2014,82.76000214,84.05000305,82.29000092,82.80999756,297522
957,CL=F,Crude Oil,2014,22-10-2014,82.55000305,83.15000153,80.22000122,80.51999664,352217
958,CL=F,Crude Oil,2014,23-10-2014,80.41999817,82.37000275,80.05000305,82.08999634,354839
959,CL=F,Crude Oil,2014,24-10-2014,81.94999695,81.94999695,80.36000061,81.01000214,272509
960,CL=F,Crude Oil,2014,27-10-2014,81.26999664,81.29000092,79.44000244,81.0,285327
961,CL=F,Crude Oil,2014,28-10-2014,80.63999939,81.66000366,80.36000061,81.41999817,226066
962,CL=F,Crude Oil,2014,29-10-2014,81.55000305,82.87999725,81.44000244,82.19999695,283762
963,CL=F,Crude Oil,2014,30-10-2014,81.93000031,82.08999634,80.72000122,81.12000275,270072
964,CL=F,Crude Oil,2014,31-10-2014,81.04000092,81.26999664,79.55000305,80.54000092,294183
965,CL=F,Crude Oil,2014,03-11-2014,80.58999634,80.98000336,78.08000183,78.77999878,386045
966,CL=F,Crude Oil,2014,04-11-2014,78.22000122,78.41000366,75.83999634,77.19000244,432757
967,CL=F,Crude Oil,2014,05-11-2014,77.36000061,79.34999847,76.45999908,78.68000031,447691
968,CL=F,Crude Oil,2014,06-11-2014,78.87000275,78.98000336,77.12000275,77.91000366,292897
969,CL=F,Crude Oil,2014,07-11-2014,77.86000061,79.41000366,77.47000122,78.65000153,306077
970,CL=F,Crude Oil,2014,10-11-2014,78.5,79.84999847,77.12999725,77.40000153,319492
971,CL=F,Crude Oil,2014,11-11-2014,77.18000031,78.04000092,76.41999817,77.94000244,314309
972,CL=F,Crude Oil,2014,12-11-2014,77.5,78.08000183,76.62999725,77.18000031,359951
973,CL=F,Crude Oil,2014,13-11-2014,76.94999695,77.16000366,74.06999969,74.20999908,447012
974,CL=F,Crude Oil,2014,14-11-2014,74.36000061,76.30000305,73.25,75.81999969,355245
975,CL=F,Crude Oil,2014,17-11-2014,75.93000031,76.18000031,74.70999908,75.63999939,279462
976,CL=F,Crude Oil,2014,18-11-2014,75.48999786,76.44000244,74.12000275,74.61000061,186214
977,CL=F,Crude Oil,2014,19-11-2014,74.23000336,75.40000153,73.87999725,74.58000183,116278
978,CL=F,Crude Oil,2014,20-11-2014,74.25,75.76000214,74.16999817,75.58000183,236720
979,CL=F,Crude Oil,2014,21-11-2014,76.29000092,77.83000183,75.62000275,76.51000214,275317
980,CL=F,Crude Oil,2014,24-11-2014,76.62000275,77.01999664,75.44999695,75.77999878,194751
981,CL=F,Crude Oil,2014,25-11-2014,75.51000214,76.58000183,73.70999908,74.08999634,294447
982,CL=F,Crude Oil,2014,26-11-2014,73.87000275,74.48000336,73.30000305,73.69000244,258382
983,CL=F,Crude Oil,2014,28-11-2014,73.5,73.55999756,65.69000244,66.15000153,552882
984,CL=F,Crude Oil,2014,01-12-2014,66.0,69.54000092,63.72000122,69.0,504122
985,CL=F,Crude Oil,2014,02-12-2014,69.23999786,69.31999969,66.66999817,66.87999725,360300
986,CL=F,Crude Oil,2014,03-12-2014,67.59999847,68.23000336,66.80000305,67.37999725,293483
987,CL=F,Crude Oil,2014,04-12-2014,67.40000153,68.22000122,66.08999634,66.80999756,237011
988,CL=F,Crude Oil,2014,05-12-2014,66.80000305,66.88999939,65.16999817,65.83999634,276529
989,CL=F,Crude Oil,2014,08-12-2014,65.45999908,65.55000305,62.77999878,63.04999924,330077
990,CL=F,Crude Oil,2014,09-12-2014,63.00999832,64.19999695,62.25,63.81999969,322804
991,CL=F,Crude Oil,2014,10-12-2014,63.33000183,63.43000031,60.43000031,60.93999863,456172
992,CL=F,Crude Oil,2014,11-12-2014,61.11999893,61.68000031,58.95999908,59.95000076,392493
993,CL=F,Crude Oil,2014,12-12-2014,59.16999817,59.56999969,57.34000015,57.81000137,414224
994,CL=F,Crude Oil,2014,15-12-2014,57.06999969,58.72999954,55.02000046,55.90999985,424946
995,CL=F,Crude Oil,2014,16-12-2014,55.40000153,57.15000153,53.59999847,55.93000031,518784
996,CL=F,Crude Oil,2014,17-12-2014,55.5,58.97999954,54.20999908,56.47000122,351977
997,CL=F,Crude Oil,2014,18-12-2014,55.83000183,58.72999954,54.04999924,54.11000061,106315
998,CL=F,Crude Oil,2014,19-12-2014,55.5,56.90999985,54.20000076,56.52000046,383536
999,CL=F,Crude Oil,2014,22-12-2014,57.75,58.52999878,55.13000107,55.25999832,277319
1000,CL=F,Crude Oil,2014,23-12-2014,55.38999939,57.56000137,55.06000137,57.11999893,274003
1001,CL=F,Crude Oil,2014,24-12-2014,56.79999924,57.15000153,55.06999969,55.84000015,174969
1002,CL=F,Crude Oil,2014,26-12-2014,55.86000061,56.59000015,54.50999832,54.72999954,127202
1003,CL=F,Crude Oil,2014,29-12-2014,55.04999924,55.74000168,52.90000153,53.61000061,241378
1004,CL=F,Crude Oil,2014,30-12-2014,53.72000122,54.31999969,52.70000076,54.11999893,218557
1005,CL=F,Crude Oil,2014,31-12-2014,53.86999893,54.02000046,52.43999863,53.27000046,233516
